symbol,strategy_name,trades,profitable_trades,loss_trades,sharpe_ratio,average_profit,average_trade_days,average_percent_profit,median_percent_profit,percent_wins,last_sale_date,last_sell_date_diff,table_name,trades_buy_dates,trades_sell_dates,trades_days,trades_profit,trades_percent,last_update
PLUS,ALGO_ADX_28,13,12,1,1.5709,1.5908,2.0769,2.8768,3.1743524952621573,0.9230769230769231,2023-12-19 21:30:00+00:00,19,ADX_28_1D_STOCK_RESULTS,"[2023-05-11T21:30:00+00:00, 2023-05-16T21:30:00+00:00, 2023-05-19T21:30:00+00:00, 2023-05-24T21:30:00+00:00, 2023-05-30T21:30:00+00:00, 2023-06-02T21:30:00+00:00, 2023-06-06T21:30:00+00:00, 2023-06-08T21:30:00+00:00, 2023-11-27T21:30:00+00:00, 2023-11-30T21:30:00+00:00, 2023-12-05T21:30:00+00:00, 2023-12-11T21:30:00+00:00, 2023-12-14T21:30:00+00:00]","[2023-05-15T21:30:00+00:00, 2023-05-18T21:30:00+00:00, 2023-05-23T21:30:00+00:00, 2023-05-26T21:30:00+00:00, 2023-06-01T21:30:00+00:00, 2023-06-05T21:30:00+00:00, 2023-06-07T21:30:00+00:00, 2023-06-13T21:30:00+00:00, 2023-11-29T21:30:00+00:00, 2023-12-04T21:30:00+00:00, 2023-12-08T21:30:00+00:00, 2023-12-13T21:30:00+00:00, 2023-12-19T21:30:00+00:00]","[2.0, 2.0, 2.0, 2.0, 2.0, 1.0, 1.0, 3.0, 2.0, 2.0, 3.0, 2.0, 3.0]","[1.4799999999999969, 0.9100000000000037, 0.9699999999999989, 2.809999999999995, -0.990000000000002, 1.3300000000000054, 2.509999999999998, 1.8200000000000003, 1.3100000000000023, 2.009999999999998, 1.6700000000000017, 2.3599999999999994, 2.489999999999995]","[3.4889203206034813, 2.1108791463697605, 2.1483942414174946, 6.096767194619213, -1.96506550218341, 2.6782118405155164, 4.975222993062434, 3.332722944515657, 2.1054323368691774, 3.1743524952621573, 2.5264750378214855, 3.3932422717469444, 3.3324411134903573]",2024-01-06 12:35:33
IETC,ALGO_ADX_28,8,7,1,1.0067,1.4610,6.5000,2.8013,3.1116984281541265,0.875,2023-12-13 21:30:00+00:00,25,ADX_28_1D_STOCK_RESULTS,"[2023-05-11T21:30:00+00:00, 2023-05-19T21:30:00+00:00, 2023-10-09T21:30:00+00:00, 2023-10-13T21:30:00+00:00, 2023-10-23T21:30:00+00:00, 2023-11-06T21:30:00+00:00, 2023-11-14T21:30:00+00:00, 2023-11-22T21:30:00+00:00]","[2023-05-18T21:30:00+00:00, 2023-05-30T21:30:00+00:00, 2023-10-12T21:30:00+00:00, 2023-10-20T21:30:00+00:00, 2023-11-03T21:30:00+00:00, 2023-11-13T21:30:00+00:00, 2023-11-21T21:30:00+00:00, 2023-12-13T21:30:00+00:00]","[5.0, 6.0, 3.0, 5.0, 9.0, 5.0, 5.0, 14.0]","[1.9499999999999957, 3.270000000000003, 1.4600000000000009, -1.9100000000000037, 2.2480000000000047, 1.740000000000002, 1.1099999999999994, 1.8200000000000003]","[4.1401273885350225, 6.596731894290908, 2.701702442635087, -3.4532634243355695, 4.282557342071182, 3.1464737793851754, 1.918755401901468, 3.0769230769230775]",2024-01-06 12:18:16
SPHQ,ALGO_ADX_28,7,6,1,0.9812,1.1900,12.0000,2.4300,3.125606678314889,0.8571428571428571,2023-12-13 21:30:00+00:00,25,ADX_28_1D_STOCK_RESULTS,"[2023-05-11T21:30:00+00:00, 2023-06-06T21:30:00+00:00, 2023-06-20T21:30:00+00:00, 2023-10-09T21:30:00+00:00, 2023-10-30T21:30:00+00:00, 2023-11-06T21:30:00+00:00, 2023-11-16T21:30:00+00:00, 2023-12-14T21:30:00+00:00]","[2023-06-05T21:30:00+00:00, 2023-06-16T21:30:00+00:00, 2023-07-14T21:30:00+00:00, 2023-10-27T21:30:00+00:00, 2023-11-03T21:30:00+00:00, 2023-11-15T21:30:00+00:00, 2023-12-13T21:30:00+00:00]","[16.0, 8.0, 17.0, 14.0, 4.0, 7.0, 18.0]","[1.6000000000000014, 1.8699999999999974, 1.480000000000004, -1.6899999999999977, 1.9199999999999946, 1.5399999999999991, 1.6099999999999994]","[3.381234150464923, 3.848528503807362, 2.9808660624370673, -3.3725803232887603, 3.9834024896265445, 3.062848050914875, 3.125606678314889]",2024-01-06 12:43:34
EPI,ALGO_ADX_28,7,6,1,1.2514,0.8671,12.5714,2.4122,2.5006795324816573,0.8571428571428571,2023-12-18 21:30:00+00:00,20,ADX_28_1D_STOCK_RESULTS,"[2023-05-11T21:30:00+00:00, 2023-06-15T21:30:00+00:00, 2023-10-04T21:30:00+00:00, 2023-10-30T21:30:00+00:00, 2023-11-10T21:30:00+00:00, 2023-11-28T21:30:00+00:00, 2023-12-06T21:30:00+00:00]","[2023-06-14T21:30:00+00:00, 2023-07-12T21:30:00+00:00, 2023-10-27T21:30:00+00:00, 2023-11-09T21:30:00+00:00, 2023-11-27T21:30:00+00:00, 2023-12-05T21:30:00+00:00, 2023-12-18T21:30:00+00:00]","[23.0, 17.0, 17.0, 8.0, 10.0, 5.0, 8.0]","[1.3200000000000003, 1.1899999999999977, -0.6700000000000017, 0.8599999999999994, 0.9200000000000017, 1.5300000000000011, 0.9200000000000017]","[3.9915331115814947, 3.4653465346534587, -1.835616438356169, 2.3942093541202656, 2.5006795324816573, 4.046548532134358, 2.322645796516036]",2024-01-06 12:07:11
PSEP,ALGO_ADX_28,7,6,1,1.207,0.6737,13.7143,2.1004,2.564102564102581,0.8571428571428571,2023-12-15 21:30:00+00:00,23,ADX_28_1D_STOCK_RESULTS,"[2023-05-11T21:30:00+00:00, 2023-06-06T21:30:00+00:00, 2023-06-20T21:30:00+00:00, 2023-09-25T21:30:00+00:00, 2023-10-31T21:30:00+00:00, 2023-11-07T21:30:00+00:00, 2023-11-22T21:30:00+00:00]","[2023-06-05T21:30:00+00:00, 2023-06-16T21:30:00+00:00, 2023-07-14T21:30:00+00:00, 2023-10-30T21:30:00+00:00, 2023-11-06T21:30:00+00:00, 2023-11-21T21:30:00+00:00, 2023-12-15T21:30:00+00:00]","[16.0, 8.0, 17.0, 25.0, 4.0, 10.0, 16.0]","[0.9639999999999986, 1.0299999999999976, 0.8300000000000054, -0.6300000000000026, 0.870000000000001, 0.7919999999999945, 0.8599999999999994]","[3.1349593495934913, 3.2605254827476977, 2.564102564102581, -1.9390581717451603, 2.7195998749609287, 2.4087591240875743, 2.5542025542025524]",2024-01-06 12:36:26
FJUL,ALGO_ADX_28,8,7,1,1.1773,0.7809,12.1250,2.0469,2.6435956770179763,0.875,2023-12-14 21:30:00+00:00,24,ADX_28_1D_STOCK_RESULTS,"[2023-05-11T21:30:00+00:00, 2023-06-06T21:30:00+00:00, 2023-06-16T21:30:00+00:00, 2023-09-25T21:30:00+00:00, 2023-10-30T21:30:00+00:00, 2023-11-06T21:30:00+00:00, 2023-11-17T21:30:00+00:00, 2023-11-24T21:30:00+00:00]","[2023-06-05T21:30:00+00:00, 2023-06-15T21:30:00+00:00, 2023-07-19T21:30:00+00:00, 2023-10-27T21:30:00+00:00, 2023-11-03T21:30:00+00:00, 2023-11-16T21:30:00+00:00, 2023-11-22T21:30:00+00:00, 2023-12-14T21:30:00+00:00]","[16.0, 7.0, 21.0, 24.0, 4.0, 8.0, 3.0, 14.0]","[1.3149999999999977, 0.894999999999996, 1.1219999999999999, -0.740000000000002, 1.2000000000000028, 0.8700000000000045, 0.40500000000000114, 1.1799999999999997]","[3.6290878984407278, 2.395289709621293, 2.89190164441466, -1.929092805005219, 3.1940377961139284, 2.2365038560411428, 1.0179715973356822, 2.93971101145989]",2024-01-06 12:10:19
FMAY,ALGO_ADX_28,7,6,1,1.0002,0.7343,17.7143,1.9222,2.4960588544403457,0.8571428571428571,2023-12-14 21:30:00+00:00,24,ADX_28_1D_STOCK_RESULTS,"[2023-05-11T21:30:00+00:00, 2023-06-05T21:30:00+00:00, 2023-06-21T21:30:00+00:00, 2023-08-17T21:30:00+00:00, 2023-10-05T21:30:00+00:00, 2023-11-10T21:30:00+00:00, 2023-11-17T21:30:00+00:00]","[2023-06-02T21:30:00+00:00, 2023-06-20T21:30:00+00:00, 2023-07-19T21:30:00+00:00, 2023-10-04T21:30:00+00:00, 2023-11-09T21:30:00+00:00, 2023-11-16T21:30:00+00:00, 2023-12-14T21:30:00+00:00]","[15.0, 10.0, 19.0, 33.0, 25.0, 4.0, 18.0]","[1.1499999999999986, 0.7399999999999949, 1.1299999999999955, -0.9600000000000009, 0.9499999999999957, 0.8700000000000045, 1.2600000000000051]","[3.132661400163439, 1.9556025369978722, 2.9358274876591204, -2.471042471042473, 2.4960588544403457, 2.2405356682977198, 3.1658291457286563]",2024-01-06 12:10:56
FJUN,ALGO_ADX_28,7,6,1,0.8568,0.7496,12.4286,1.8675,2.6397146254458965,0.8571428571428571,2023-12-13 21:30:00+00:00,25,ADX_28_1D_STOCK_RESULTS,"[2023-05-11T21:30:00+00:00, 2023-06-05T21:30:00+00:00, 2023-06-16T21:30:00+00:00, 2023-10-10T21:30:00+00:00, 2023-10-30T21:30:00+00:00, 2023-11-06T21:30:00+00:00, 2023-11-16T21:30:00+00:00]","[2023-06-02T21:30:00+00:00, 2023-06-15T21:30:00+00:00, 2023-07-20T21:30:00+00:00, 2023-10-27T21:30:00+00:00, 2023-11-03T21:30:00+00:00, 2023-11-15T21:30:00+00:00, 2023-12-13T21:30:00+00:00]","[15.0, 8.0, 22.0, 13.0, 4.0, 7.0, 18.0]","[1.1600000000000037, 0.8299999999999983, 0.7800000000000011, -1.243000000000002, 1.509999999999998, 1.0999999999999943, 1.1099999999999994]","[3.0184751496227005, 2.0812437311935765, 1.8826937002172366, -3.0406066536203573, 3.8140944683000706, 2.677050377220721, 2.6397146254458965]",2024-01-06 12:10:18
JULT,ALGO_ADX_28,7,6,1,1.1947,0.5709,12.5714,1.8461,2.278731836195501,0.8571428571428571,2023-12-14 21:30:00+00:00,24,ADX_28_1D_STOCK_RESULTS,"[2023-05-11T21:30:00+00:00, 2023-06-01T21:30:00+00:00, 2023-06-06T21:30:00+00:00, 2023-06-15T21:30:00+00:00, 2023-09-28T21:30:00+00:00, 2023-11-06T21:30:00+00:00, 2023-11-17T21:30:00+00:00]","[2023-05-31T21:30:00+00:00, 2023-06-05T21:30:00+00:00, 2023-06-14T21:30:00+00:00, 2023-07-14T21:30:00+00:00, 2023-10-30T21:30:00+00:00, 2023-11-16T21:30:00+00:00, 2023-12-14T21:30:00+00:00]","[13.0, 2.0, 6.0, 19.0, 22.0, 8.0, 18.0]","[0.2950000000000017, 0.6600000000000001, 0.6899999999999977, 0.8300000000000018, -0.40000000000000213, 0.7309999999999981, 1.1899999999999977]","[1.0083746368142257, 2.2252191503708705, 2.278731836195501, 2.667952426872394, -1.3003901170351173, 2.334791912868498, 3.7083203490183783]",2024-01-06 12:22:05
BJUL,ALGO_ADX_28,7,6,1,0.9291,0.6286,12.5714,1.8432,2.6353480378115206,0.8571428571428571,2023-12-13 21:30:00+00:00,25,ADX_28_1D_STOCK_RESULTS,"[2023-05-11T21:30:00+00:00, 2023-06-06T21:30:00+00:00, 2023-06-16T21:30:00+00:00, 2023-10-02T21:30:00+00:00, 2023-10-30T21:30:00+00:00, 2023-11-06T21:30:00+00:00, 2023-11-16T21:30:00+00:00]","[2023-06-05T21:30:00+00:00, 2023-06-15T21:30:00+00:00, 2023-07-13T21:30:00+00:00, 2023-10-27T21:30:00+00:00, 2023-11-03T21:30:00+00:00, 2023-11-15T21:30:00+00:00, 2023-12-13T21:30:00+00:00]","[16.0, 7.0, 17.0, 19.0, 4.0, 7.0, 18.0]","[1.220000000000006, 0.7299999999999969, 0.35999999999999943, -0.8299999999999983, 1.0300000000000011, 0.9200000000000017, 0.9699999999999989]","[3.7195121951219696, 2.1591245193729574, 1.0259333143345666, -2.4099883855981368, 3.060011883541299, 2.6353480378115206, 2.7125279642058135]",2024-01-06 11:54:15
FTLS,ALGO_ADX_28,7,6,1,0.905,0.9421,21.0000,1.7792,2.635944700460829,0.8571428571428571,2023-12-19 21:30:00+00:00,19,ADX_28_1D_STOCK_RESULTS,"[2023-05-11T21:30:00+00:00, 2023-06-15T21:30:00+00:00, 2023-07-20T21:30:00+00:00, 2023-09-13T21:30:00+00:00, 2023-09-25T21:30:00+00:00, 2023-11-07T21:30:00+00:00, 2023-12-07T21:30:00+00:00]","[2023-06-14T21:30:00+00:00, 2023-07-19T21:30:00+00:00, 2023-09-12T21:30:00+00:00, 2023-09-22T21:30:00+00:00, 2023-11-06T21:30:00+00:00, 2023-12-06T21:30:00+00:00, 2023-12-19T21:30:00+00:00]","[23.0, 22.0, 37.0, 7.0, 30.0, 20.0, 8.0]","[0.980000000000004, 1.5700000000000003, 1.2049999999999983, -1.5, 1.4200000000000017, 1.4299999999999997, 1.490000000000002]","[1.9129416357603044, 3.0157510564733006, 2.2671683913452463, -2.752798678656634, 2.689903390793714, 2.635944700460829, 2.6856524873828445]",2024-01-06 12:11:47
PIN,ALGO_ADX_28,7,6,1,0.6727,0.4100,10.5714,1.7624,2.798880447820869,0.8571428571428571,2023-12-15 21:30:00+00:00,23,ADX_28_1D_STOCK_RESULTS,"[2023-05-11T21:30:00+00:00, 2023-06-06T21:30:00+00:00, 2023-09-29T21:30:00+00:00, 2023-10-27T21:30:00+00:00, 2023-11-14T21:30:00+00:00, 2023-12-01T21:30:00+00:00, 2023-12-08T21:30:00+00:00, 2023-12-22T21:30:00+00:00]","[2023-06-05T21:30:00+00:00, 2023-06-16T21:30:00+00:00, 2023-10-26T21:30:00+00:00, 2023-11-13T21:30:00+00:00, 2023-11-30T21:30:00+00:00, 2023-12-07T21:30:00+00:00, 2023-12-15T21:30:00+00:00]","[16.0, 8.0, 19.0, 11.0, 11.0, 4.0, 5.0]","[0.45000000000000284, 0.6799999999999997, -1.0100000000000016, 0.5199999999999996, 0.8000000000000007, 0.7299999999999969, 0.6999999999999993]","[2.078521939953824, 3.0783159800814834, -4.2796610169491585, 2.278702892199823, 3.392705682782022, 2.989352989352976, 2.798880447820869]",2024-01-06 12:35:03
UJUL,ALGO_ADX_28,7,6,1,0.7518,0.4382,11.0000,1.5636,2.6362984218077457,0.8571428571428571,2023-12-15 21:30:00+00:00,23,ADX_28_1D_STOCK_RESULTS,"[2023-05-11T21:30:00+00:00, 2023-06-05T21:30:00+00:00, 2023-06-16T21:30:00+00:00, 2023-10-11T21:30:00+00:00, 2023-10-27T21:30:00+00:00, 2023-11-07T21:30:00+00:00, 2023-11-22T21:30:00+00:00]","[2023-06-02T21:30:00+00:00, 2023-06-15T21:30:00+00:00, 2023-07-05T21:30:00+00:00, 2023-10-26T21:30:00+00:00, 2023-11-06T21:30:00+00:00, 2023-11-21T21:30:00+00:00, 2023-12-15T21:30:00+00:00]","[15.0, 8.0, 11.0, 11.0, 6.0, 10.0, 16.0]","[0.7199999999999989, 0.7349999999999994, 0.10500000000000043, -0.8100000000000023, 0.8645999999999994, 0.6750000000000007, 0.7780000000000022]","[2.63929618768328, 2.6362984218077457, 0.36617262423714186, -2.830188679245291, 3.1235549132947957, 2.3605525441510777, 2.649683264082836]",2024-01-06 12:48:42
FLSP,ALGO_EMA_RSI_ADX_BB_CGPT,6,6,0,0.8184,0.3555,1.8333,1.7077,0.8739779495273334,1.0,2023-12-20 21:30:00+00:00,18,EMA_RSI_ADX_BB_1D_STOCK_RESULTS,"[2022-01-24T21:30:00+00:00, 2022-02-23T21:30:00+00:00, 2022-02-28T21:30:00+00:00, 2023-10-27T21:30:00+00:00, 2023-12-07T21:30:00+00:00, 2023-12-18T21:30:00+00:00]","[2022-01-27T21:30:00+00:00, 2022-02-24T21:30:00+00:00, 2022-03-02T21:30:00+00:00, 2023-10-30T21:30:00+00:00, 2023-12-11T21:30:00+00:00, 2023-12-20T21:30:00+00:00]","[3.0, 1.0, 2.0, 1.0, 2.0, 2.0]","[0.3099999999999987, 0.11299999999999955, 1.2300000000000004, 0.2699999999999996, 0.09999999999999787, 0.10999999999999943]","[1.4629542236904138, 0.5317396828384525, 6.074074074074076, 1.2162162162162145, 0.44984255510570337, 0.5113900511390024]",2024-01-06 18:00:49
PTVE,ALGO_EMA_XOVER_CGPT,8,8,0,1.8811,0.4175,3.1250,3.3541,2.7568096920621836,1.0,2024-01-03 21:30:00+00:00,4,EMA_XOVER_1D_STOCK_RESULTS,"[2023-11-15T21:30:00+00:00, 2023-11-21T21:30:00+00:00, 2023-11-28T21:30:00+00:00, 2023-12-05T21:30:00+00:00, 2023-12-11T21:30:00+00:00, 2023-12-15T21:30:00+00:00, 2023-12-21T21:30:00+00:00, 2023-12-26T21:30:00+00:00, 2024-01-04T21:30:00+00:00]","[2023-11-20T21:30:00+00:00, 2023-11-27T21:30:00+00:00, 2023-12-04T21:30:00+00:00, 2023-12-08T21:30:00+00:00, 2023-12-14T21:30:00+00:00, 2023-12-20T21:30:00+00:00, 2023-12-22T21:30:00+00:00, 2024-01-03T21:30:00+00:00]","[3.0, 3.0, 4.0, 3.0, 3.0, 3.0, 1.0, 5.0]","[0.17999999999999972, 0.25, 0.5699999999999985, 0.34999999999999964, 0.34999999999999964, 0.3000000000000007, 0.34999999999999964, 0.9900000000000002]","[1.6042780748663075, 2.226179875333927, 4.969485614646891, 2.8997514498757218, 2.8067361668003175, 2.3455824863174413, 2.70688321732405, 7.274063188831743]",2024-01-07 00:03:13
IOCT,ALGO_EMA_XOVER_CGPT,7,6,1,0.9718,0.4651,32.5714,1.8228,2.358070721613117,0.8571428571428571,2023-12-15 21:30:00+00:00,23,EMA_XOVER_1D_STOCK_RESULTS,"[2023-01-11T21:30:00+00:00, 2023-01-30T21:30:00+00:00, 2023-05-03T21:30:00+00:00, 2023-07-17T21:30:00+00:00, 2023-10-27T21:30:00+00:00, 2023-11-06T21:30:00+00:00, 2023-11-28T21:30:00+00:00, 2023-12-18T21:30:00+00:00]","[2023-01-27T21:30:00+00:00, 2023-05-02T21:30:00+00:00, 2023-07-14T21:30:00+00:00, 2023-10-26T21:30:00+00:00, 2023-11-03T21:30:00+00:00, 2023-11-27T21:30:00+00:00, 2023-12-15T21:30:00+00:00]","[11.0, 64.0, 49.0, 72.0, 5.0, 14.0, 13.0]","[0.5748999999999995, 0.5360000000000014, 0.6720000000000006, -0.642000000000003, 0.8900000000000006, 0.6450000000000031, 0.5800000000000018]","[2.358070721613117, 2.1462320813646247, 2.6311667971808954, -2.448325833269785, 3.484729835552078, 2.4464251849042413, 2.1410114433370317]",2024-01-06 23:09:50
USEP,ALGO_EMA_XOVER_CGPT,7,6,1,0.8128,0.5041,21.0000,1.7525,2.67268309614717,0.8571428571428571,2023-12-19 21:30:00+00:00,19,EMA_XOVER_1D_STOCK_RESULTS,"[2023-05-11T21:30:00+00:00, 2023-06-06T21:30:00+00:00, 2023-06-21T21:30:00+00:00, 2023-07-20T21:30:00+00:00, 2023-10-27T21:30:00+00:00, 2023-11-07T21:30:00+00:00, 2023-11-22T21:30:00+00:00, 2023-12-20T21:30:00+00:00]","[2023-06-05T21:30:00+00:00, 2023-06-20T21:30:00+00:00, 2023-07-19T21:30:00+00:00, 2023-10-26T21:30:00+00:00, 2023-11-06T21:30:00+00:00, 2023-11-21T21:30:00+00:00, 2023-12-19T21:30:00+00:00]","[16.0, 9.0, 19.0, 69.0, 6.0, 10.0, 18.0]","[0.8279999999999994, 0.47990000000000066, 0.8300000000000018, -0.9490000000000016, 0.7699999999999996, 0.75, 0.8200000000000003]","[2.9976106002461784, 1.6891880000422406, 2.871972318339107, -3.1986248272607827, 2.67268309614717, 2.5380710659898478, 2.696481420585335]",2024-01-07 00:15:30
QTEC,ALGO_KAMA_STOCHRSI_VWAP_CGPT,6,6,0,1.3839,2.8817,2.1667,1.8996,2.4981194847575425,1.0,2023-12-12 21:30:00+00:00,26,KAMA_STOCHRSI_VWAP_1D_STOCK_RESULTS,"[2023-06-23T21:30:00+00:00, 2023-06-28T21:30:00+00:00, 2023-07-11T21:30:00+00:00, 2023-07-25T21:30:00+00:00, 2023-08-08T21:30:00+00:00, 2023-12-08T21:30:00+00:00]","[2023-06-26T21:30:00+00:00, 2023-07-03T21:30:00+00:00, 2023-07-14T21:30:00+00:00, 2023-07-28T21:30:00+00:00, 2023-08-09T21:30:00+00:00, 2023-12-12T21:30:00+00:00]","[1.0, 3.0, 3.0, 3.0, 1.0, 2.0]","[0.19999999999998863, 3.0200000000000102, 4.300000000000011, 4.509999999999991, 0.09999999999999432, 5.160000000000025]","[0.14069644741469478, 2.0908335641096722, 2.9054054054054133, 2.991112879692261, 0.06774608766343358, 3.201588384935177]",2024-01-07 02:06:19
XNTK,ALGO_KAMA_STOCHRSI_VWAP_CGPT,7,7,0,0.8655,1.9829,1.7143,1.3883,0.44199695674227496,1.0,2023-12-12 21:30:00+00:00,26,KAMA_STOCHRSI_VWAP_1D_STOCK_RESULTS,"[2023-06-23T21:30:00+00:00, 2023-06-28T21:30:00+00:00, 2023-07-07T21:30:00+00:00, 2023-07-11T21:30:00+00:00, 2023-07-25T21:30:00+00:00, 2023-08-08T21:30:00+00:00, 2023-12-08T21:30:00+00:00]","[2023-06-26T21:30:00+00:00, 2023-06-29T21:30:00+00:00, 2023-07-10T21:30:00+00:00, 2023-07-14T21:30:00+00:00, 2023-07-28T21:30:00+00:00, 2023-08-09T21:30:00+00:00, 2023-12-12T21:30:00+00:00]","[1.0, 1.0, 1.0, 3.0, 3.0, 1.0, 2.0]","[0.5200000000000102, 0.6100000000000136, 0.22999999999998977, 6.5, 2.7299999999999898, 0.36000000000001364, 2.9299999999999784]","[0.3810361251557194, 0.44199695674227496, 0.16707830887693575, 4.676258992805756, 1.9008494638629647, 0.25429116338208213, 1.8965628843290685]",2024-01-07 02:22:37
NBXG,ALGO_KAMA_STOCHRSI_VWAP_CGPT,8,7,1,1.3255,0.1163,2.2500,1.0779,1.0151284204850666,0.875,2023-12-14 21:30:00+00:00,24,KAMA_STOCHRSI_VWAP_1D_STOCK_RESULTS,"[2023-06-23T21:30:00+00:00, 2023-06-28T21:30:00+00:00, 2023-07-11T21:30:00+00:00, 2023-07-24T21:30:00+00:00, 2023-07-31T21:30:00+00:00, 2023-08-08T21:30:00+00:00, 2023-11-29T21:30:00+00:00, 2023-12-08T21:30:00+00:00]","[2023-06-27T21:30:00+00:00, 2023-06-30T21:30:00+00:00, 2023-07-14T21:30:00+00:00, 2023-07-25T21:30:00+00:00, 2023-08-02T21:30:00+00:00, 2023-08-10T21:30:00+00:00, 2023-12-01T21:30:00+00:00, 2023-12-14T21:30:00+00:00]","[2.0, 2.0, 3.0, 1.0, 2.0, 2.0, 2.0, 4.0]","[0.0, 0.22000000000000064, 0.16000000000000014, 0.030000000000001137, 0.07000000000000028, 0.15000000000000036, 0.07000000000000028, 0.22999999999999865]","[0.0, 2.0637898686679232, 1.45586897179254, 0.27624309392266244, 0.6357856494096302, 1.3661202185792383, 0.6641366223908947, 2.161654135338333]",2024-01-07 01:59:02
ICLO,ALGO_RSI_EMA_ADX_CGPT,7,6,1,0.7159,0.0503,5.1429,0.1972,0.17578124999999278,0.8571428571428571,2024-01-03 21:30:00+00:00,4,RSI_EMA_ADX_CGPT_1D_STOCK_RESULTS,"[2023-09-27T21:30:00+00:00, 2023-10-05T21:30:00+00:00, 2023-10-10T21:30:00+00:00, 2023-10-12T21:30:00+00:00, 2023-10-24T21:30:00+00:00, 2023-11-21T21:30:00+00:00, 2023-12-19T21:30:00+00:00]","[2023-10-04T21:30:00+00:00, 2023-10-09T21:30:00+00:00, 2023-10-11T21:30:00+00:00, 2023-10-16T21:30:00+00:00, 2023-11-10T21:30:00+00:00, 2023-11-28T21:30:00+00:00, 2024-01-03T21:30:00+00:00]","[5.0, 2.0, 1.0, 2.0, 13.0, 4.0, 9.0]","[0.010000000000001563, 0.037000000000002586, -0.019999999999999574, 0.04499999999999815, 0.10000000000000142, 0.08999999999999986, 0.08999999999999986]","[0.03909304143863004, 0.14474044517467663, -0.07806401249024032, 0.17578124999999278, 0.39261876717707667, 0.35321821036106693, 0.3526645768025073]",2024-01-06 14:25:22
CLOI,ALGO_RSI_EMA_ADX_CGPT,6,6,0,1.3857,0.0957,2.1667,0.1843,0.19587268289781623,1.0,2024-01-05 21:30:00+00:00,2,RSI_EMA_ADX_CGPT_1D_STOCK_RESULTS,"[2023-05-05T21:30:00+00:00, 2023-05-11T21:30:00+00:00, 2023-12-04T21:30:00+00:00, 2023-12-12T21:30:00+00:00, 2023-12-28T21:30:00+00:00, 2024-01-04T21:30:00+00:00]","[2023-05-08T21:30:00+00:00, 2023-05-15T21:30:00+00:00, 2023-12-11T21:30:00+00:00, 2023-12-13T21:30:00+00:00, 2024-01-03T21:30:00+00:00, 2024-01-05T21:30:00+00:00]","[1.0, 2.0, 5.0, 1.0, 3.0, 1.0]","[0.030000000000001137, 0.10999999999999943, 0.1600000000000037, 0.07000000000000028, 0.09999999999999432, 0.10420000000000584]","[0.058422590068161896, 0.21404942595835652, 0.30721966205837886, 0.1342539317222867, 0.1919754271453145, 0.19976993865031797]",2024-01-06 13:29:17
TBIL,ALGO_RSI_EMA_ADX_CGPT,7,7,0,2.9934,0.0886,9.4286,0.1775,0.1804330392942989,1.0,2023-12-15 21:30:00+00:00,23,RSI_EMA_ADX_CGPT_1D_STOCK_RESULTS,"[2023-06-02T21:30:00+00:00, 2023-07-05T21:30:00+00:00, 2023-08-02T21:30:00+00:00, 2023-09-05T21:30:00+00:00, 2023-10-03T21:30:00+00:00, 2023-11-02T21:30:00+00:00, 2023-12-04T21:30:00+00:00]","[2023-06-15T21:30:00+00:00, 2023-07-18T21:30:00+00:00, 2023-08-16T21:30:00+00:00, 2023-09-18T21:30:00+00:00, 2023-10-16T21:30:00+00:00, 2023-11-17T21:30:00+00:00, 2023-12-15T21:30:00+00:00]","[9.0, 9.0, 10.0, 9.0, 9.0, 11.0, 9.0]","[0.0800000000000054, 0.060000000000002274, 0.0899999999999963, 0.10999999999999943, 0.0899999999999963, 0.10999999999999943, 0.0799999999999983]","[0.16028851933481347, 0.12016823552974619, 0.1804330392942989, 0.22044088176352591, 0.1804330392942989, 0.22044088176352591, 0.16035277610743295]",2024-01-06 15:51:00
XHLF,ALGO_RSI_EMA_ADX_CGPT,6,6,0,2.6778,0.0817,8.0000,0.1630,0.1795154532920851,1.0,2023-12-14 21:30:00+00:00,24,RSI_EMA_ADX_CGPT_1D_STOCK_RESULTS,"[2023-07-06T21:30:00+00:00, 2023-08-02T21:30:00+00:00, 2023-09-05T21:30:00+00:00, 2023-10-03T21:30:00+00:00, 2023-11-02T21:30:00+00:00, 2023-12-04T21:30:00+00:00, 2023-12-29T21:30:00+00:00]","[2023-07-14T21:30:00+00:00, 2023-08-15T21:30:00+00:00, 2023-09-18T21:30:00+00:00, 2023-10-12T21:30:00+00:00, 2023-11-15T21:30:00+00:00, 2023-12-14T21:30:00+00:00]","[6.0, 9.0, 9.0, 7.0, 9.0, 8.0]","[0.05999999999999517, 0.0899999999999963, 0.0899999999999963, 0.05999999999999517, 0.10000000000000142, 0.09000000000000341]","[0.11976047904190652, 0.17974835230676314, 0.17967658215211876, 0.11976047904190652, 0.19956096587507768, 0.17935432443205143]",2024-01-06 16:19:18
IMCV,ALGO_TRIPLE_SCREEN_CGPT,6,6,0,1.5623,1.5233,9.8333,2.4012,2.619617557966512,1.0,2023-12-29 21:30:00+00:00,9,TRIPLE_SCREEN_CGPT_1D_STOCK_RESULTS,"[2023-06-09T21:30:00+00:00, 2023-07-05T21:30:00+00:00, 2023-07-14T21:30:00+00:00, 2023-11-15T21:30:00+00:00, 2023-12-04T21:30:00+00:00, 2023-12-15T21:30:00+00:00]","[2023-07-03T21:30:00+00:00, 2023-07-13T21:30:00+00:00, 2023-07-28T21:30:00+00:00, 2023-12-01T21:30:00+00:00, 2023-12-14T21:30:00+00:00, 2023-12-29T21:30:00+00:00]","[15.0, 6.0, 10.0, 11.0, 8.0, 9.0]","[1.8699999999999974, 1.5700000000000003, 0.5500000000000114, 1.7199999999999989, 3.160000000000011, 0.269999999999996]","[3.0303030303030263, 2.4569640062597813, 0.8370111094201971, 2.782271109673243, 4.9022649705243735, 0.3985239852398465]",2024-01-07 05:50:32
XLI,ALGO_TRIPLE_SCREEN_CGPT,8,7,1,1.5245,2.1550,7.2500,2.0520,2.051305184455174,0.875,2024-01-02 21:30:00+00:00,5,TRIPLE_SCREEN_CGPT_1D_STOCK_RESULTS,"[2023-06-07T21:30:00+00:00, 2023-06-15T21:30:00+00:00, 2023-07-05T21:30:00+00:00, 2023-07-14T21:30:00+00:00, 2023-11-14T21:30:00+00:00, 2023-11-28T21:30:00+00:00, 2023-12-05T21:30:00+00:00, 2023-12-15T21:30:00+00:00]","[2023-06-14T21:30:00+00:00, 2023-07-03T21:30:00+00:00, 2023-07-13T21:30:00+00:00, 2023-07-25T21:30:00+00:00, 2023-11-27T21:30:00+00:00, 2023-12-04T21:30:00+00:00, 2023-12-14T21:30:00+00:00, 2024-01-02T21:30:00+00:00]","[5.0, 11.0, 6.0, 7.0, 8.0, 4.0, 7.0, 10.0]","[3.6899999999999977, 2.8999999999999915, 2.2099999999999937, -0.03999999999999204, 2.1099999999999994, 2.0, 4.040000000000006, 0.3299999999999983]","[3.655999207371443, 2.7881934429381707, 2.0716160479939947, -0.036747818098293104, 2.0309943209163532, 1.8887524789876284, 3.72487553014937, 0.29229406554472837]",2024-01-07 06:23:19
FEX,ALGO_TRIPLE_SCREEN_CGPT,9,8,1,1.2841,1.6711,6.6667,1.9948,2.7285129604365657,0.8888888888888888,2023-12-29 21:30:00+00:00,9,TRIPLE_SCREEN_CGPT_1D_STOCK_RESULTS,"[2023-06-07T21:30:00+00:00, 2023-06-15T21:30:00+00:00, 2023-06-28T21:30:00+00:00, 2023-07-10T21:30:00+00:00, 2023-07-14T21:30:00+00:00, 2023-11-13T21:30:00+00:00, 2023-11-16T21:30:00+00:00, 2023-12-05T21:30:00+00:00, 2023-12-15T21:30:00+00:00]","[2023-06-14T21:30:00+00:00, 2023-06-27T21:30:00+00:00, 2023-07-07T21:30:00+00:00, 2023-07-13T21:30:00+00:00, 2023-07-28T21:30:00+00:00, 2023-11-15T21:30:00+00:00, 2023-12-04T21:30:00+00:00, 2023-12-14T21:30:00+00:00, 2023-12-29T21:30:00+00:00]","[5.0, 7.0, 6.0, 3.0, 10.0, 2.0, 11.0, 7.0, 9.0]","[2.200000000000003, -0.269999999999996, 0.28000000000000114, 2.3400000000000034, 1.1800000000000068, 2.489999999999995, 2.450000000000003, 3.870100000000008, 0.5]","[2.7285129604365657, -0.3280281861256178, 0.33927056827820323, 2.8121619997596485, 1.3712957582800778, 3.059343899741977, 2.9236276849642038, 4.4917595171773534, 0.55561729081009]",2024-01-07 05:41:49
EMBC,ALGO_TRIPLE_SCREEN_CGPT,9,8,1,0.6877,0.4133,2.0000,1.9022,1.3679410733076007,0.8888888888888888,2024-01-03 21:30:00+00:00,4,TRIPLE_SCREEN_CGPT_1D_STOCK_RESULTS,"[2023-05-11T21:30:00+00:00, 2023-05-16T21:30:00+00:00, 2023-11-16T21:30:00+00:00, 2023-11-20T21:30:00+00:00, 2023-11-24T21:30:00+00:00, 2023-11-30T21:30:00+00:00, 2023-12-06T21:30:00+00:00, 2023-12-08T21:30:00+00:00, 2023-12-27T21:30:00+00:00]","[2023-05-15T21:30:00+00:00, 2023-05-17T21:30:00+00:00, 2023-11-17T21:30:00+00:00, 2023-11-22T21:30:00+00:00, 2023-11-29T21:30:00+00:00, 2023-12-05T21:30:00+00:00, 2023-12-07T21:30:00+00:00, 2023-12-11T21:30:00+00:00, 2024-01-03T21:30:00+00:00]","[2.0, 1.0, 1.0, 2.0, 3.0, 3.0, 1.0, 1.0, 4.0]","[1.5899999999999999, 0.389999999999997, 0.0799999999999983, 1.0499999999999972, 0.08999999999999986, 0.46999999999999886, -0.5500000000000007, 0.4400000000000013, 0.16000000000000014]","[5.443341321465251, 1.3679410733076007, 0.4860267314702205, 6.3946406820949875, 0.5093378607809839, 2.5753424657534185, -3.033645890788752, 2.5272831705916214, 0.8497079129049397]",2024-01-07 05:38:30
NEU,ALGO_TRIPLE_SCREEN_CGPT,13,12,1,1.1848,8.7200,4.4615,1.7929,2.1472727272727177,0.9230769230769231,2023-12-20 21:30:00+00:00,18,TRIPLE_SCREEN_CGPT_1D_STOCK_RESULTS,"[2023-07-05T21:30:00+00:00, 2023-07-11T21:30:00+00:00, 2023-07-27T21:30:00+00:00, 2023-07-31T21:30:00+00:00, 2023-08-09T21:30:00+00:00, 2023-09-29T21:30:00+00:00, 2023-10-30T21:30:00+00:00, 2023-11-03T21:30:00+00:00, 2023-11-07T21:30:00+00:00, 2023-11-16T21:30:00+00:00, 2023-11-28T21:30:00+00:00, 2023-12-11T21:30:00+00:00, 2023-12-19T21:30:00+00:00]","[2023-07-10T21:30:00+00:00, 2023-07-26T21:30:00+00:00, 2023-07-28T21:30:00+00:00, 2023-08-08T21:30:00+00:00, 2023-08-17T21:30:00+00:00, 2023-10-02T21:30:00+00:00, 2023-11-02T21:30:00+00:00, 2023-11-06T21:30:00+00:00, 2023-11-15T21:30:00+00:00, 2023-11-27T21:30:00+00:00, 2023-12-08T21:30:00+00:00, 2023-12-18T21:30:00+00:00, 2023-12-20T21:30:00+00:00]","[3.0, 11.0, 1.0, 6.0, 6.0, 1.0, 3.0, 1.0, 6.0, 6.0, 8.0, 5.0, 1.0]","[10.230000000000018, 11.53000000000003, 1.3100000000000023, 9.649999999999977, 1.2399999999999523, -6.550000000000011, 12.660000000000025, 5.849999999999966, 22.039999999999964, 11.970000000000027, 16.07000000000005, 11.809999999999945, 5.5499999999999545]","[2.4814437490903845, 2.6650332840236755, 0.291175816848189, 2.1427778394581942, 0.2667182895614102, -1.4197463964452175, 2.6487572181772587, 1.2092023398581957, 4.487610205037355, 2.3469667856162557, 3.0382092148299495, 2.1472727272727177, 1.002275436125249]",2024-01-07 06:00:49
FLQM,ALGO_TRIPLE_SCREEN_CGPT,8,7,1,1.0469,0.7586,7.2500,1.6885,1.3820423310633299,0.875,2024-01-02 21:30:00+00:00,5,TRIPLE_SCREEN_CGPT_1D_STOCK_RESULTS,"[2023-06-09T21:30:00+00:00, 2023-06-21T21:30:00+00:00, 2023-06-28T21:30:00+00:00, 2023-07-10T21:30:00+00:00, 2023-07-14T21:30:00+00:00, 2023-11-15T21:30:00+00:00, 2023-12-05T21:30:00+00:00, 2023-12-15T21:30:00+00:00]","[2023-06-20T21:30:00+00:00, 2023-06-27T21:30:00+00:00, 2023-07-07T21:30:00+00:00, 2023-07-13T21:30:00+00:00, 2023-07-28T21:30:00+00:00, 2023-12-04T21:30:00+00:00, 2023-12-14T21:30:00+00:00, 2024-01-02T21:30:00+00:00]","[6.0, 4.0, 6.0, 3.0, 10.0, 12.0, 7.0, 10.0]","[0.7099999999999937, -0.16090000000000515, 0.1599999999999966, 1.4499999999999957, 0.5200000000000031, 1.5600000000000023, 1.75, 0.0799999999999983]","[1.6314338235293973, -0.367016423357676, 0.36101083032490205, 3.256231753873783, 1.1326508385972625, 3.523035230352309, 3.8035209737013695, 0.1671891327063705]",2024-01-07 05:42:26
CFA,ALGO_TRIPLE_SCREEN_CGPT,8,7,1,1.1362,1.1662,7.3750,1.6529,1.8184468389809685,0.875,2024-01-02 21:30:00+00:00,5,TRIPLE_SCREEN_CGPT_1D_STOCK_RESULTS,"[2023-06-08T21:30:00+00:00, 2023-06-21T21:30:00+00:00, 2023-07-06T21:30:00+00:00, 2023-07-11T21:30:00+00:00, 2023-07-21T21:30:00+00:00, 2023-11-15T21:30:00+00:00, 2023-12-05T21:30:00+00:00, 2023-12-15T21:30:00+00:00]","[2023-06-20T21:30:00+00:00, 2023-07-05T21:30:00+00:00, 2023-07-07T21:30:00+00:00, 2023-07-20T21:30:00+00:00, 2023-07-31T21:30:00+00:00, 2023-12-04T21:30:00+00:00, 2023-12-14T21:30:00+00:00, 2024-01-02T21:30:00+00:00]","[7.0, 9.0, 1.0, 7.0, 6.0, 12.0, 7.0, 10.0]","[1.289999999999992, 1.2299999999999898, -0.09000000000000341, 1.6700000000000017, 0.22999999999998977, 2.0999999999999943, 2.8599999999999994, 0.04000000000000625]","[1.8709209572153618, 1.7659727207465754, -0.12796815014930102, 2.349795975798511, 0.3155006858710422, 3.006657598969138, 3.988842398884239, 0.05379236148467759]",2024-01-07 05:30:42
NTSX,ALGO_TRIPLE_SCREEN_CGPT,7,6,1,0.8914,0.5400,8.1429,1.4822,2.3217700081944863,0.8571428571428571,2024-01-02 21:30:00+00:00,5,TRIPLE_SCREEN_CGPT_1D_STOCK_RESULTS,"[2023-06-02T21:30:00+00:00, 2023-06-20T21:30:00+00:00, 2023-07-14T21:30:00+00:00, 2023-11-09T21:30:00+00:00, 2023-11-16T21:30:00+00:00, 2023-12-01T21:30:00+00:00, 2023-12-14T21:30:00+00:00]","[2023-06-16T21:30:00+00:00, 2023-06-27T21:30:00+00:00, 2023-07-28T21:30:00+00:00, 2023-11-15T21:30:00+00:00, 2023-11-30T21:30:00+00:00, 2023-12-13T21:30:00+00:00, 2024-01-02T21:30:00+00:00]","[10.0, 5.0, 10.0, 4.0, 9.0, 8.0, 11.0]","[1.2299999999999969, -0.4199999999999946, 0.060000000000002274, 0.9200000000000017, 0.8500000000000014, 1.0300000000000011, 0.10999999999999943]","[3.4176160044456707, -1.139137510170856, 0.1589403973509994, 2.56839754327192, 2.3217700081944863, 2.7665860864893936, 0.28111423460260526]",2024-01-07 06:00:54
BLE,ALGO_TRIPLE_SCREEN_CGPT,7,7,0,0.8909,0.1357,7.0000,1.3599,0.5747126436781657,1.0,2023-12-21 21:30:00+00:00,17,TRIPLE_SCREEN_CGPT_1D_STOCK_RESULTS,"[2023-06-22T21:30:00+00:00, 2023-07-13T21:30:00+00:00, 2023-07-20T21:30:00+00:00, 2023-11-09T21:30:00+00:00, 2023-11-17T21:30:00+00:00, 2023-12-05T21:30:00+00:00, 2023-12-15T21:30:00+00:00]","[2023-07-11T21:30:00+00:00, 2023-07-19T21:30:00+00:00, 2023-07-31T21:30:00+00:00, 2023-11-16T21:30:00+00:00, 2023-12-04T21:30:00+00:00, 2023-12-14T21:30:00+00:00, 2023-12-21T21:30:00+00:00]","[12.0, 4.0, 7.0, 5.0, 10.0, 7.0, 4.0]","[0.02999999999999936, 0.07000000000000028, 0.030000000000001137, 0.3200000000000003, 0.39000000000000057, 0.0600000000000005, 0.05000000000000071]","[0.29126213592232386, 0.6737247353224282, 0.28708133971292954, 3.340292275574116, 3.8844621513944286, 0.5747126436781657, 0.46772684752105437]",2024-01-07 05:27:15
OALC,ALGO_TRIPLE_SCREEN_CGPT,11,10,1,1.0196,0.3132,6.1818,1.3521,1.0471204188481738,0.9090909090909091,2023-12-26 21:30:00+00:00,12,TRIPLE_SCREEN_CGPT_1D_STOCK_RESULTS,"[2023-05-31T21:30:00+00:00, 2023-06-07T21:30:00+00:00, 2023-07-03T21:30:00+00:00, 2023-07-13T21:30:00+00:00, 2023-08-31T21:30:00+00:00, 2023-09-15T21:30:00+00:00, 2023-11-09T21:30:00+00:00, 2023-11-16T21:30:00+00:00, 2023-12-04T21:30:00+00:00, 2023-12-11T21:30:00+00:00, 2023-12-21T21:30:00+00:00]","[2023-06-06T21:30:00+00:00, 2023-06-27T21:30:00+00:00, 2023-07-07T21:30:00+00:00, 2023-07-28T21:30:00+00:00, 2023-09-14T21:30:00+00:00, 2023-09-18T21:30:00+00:00, 2023-11-15T21:30:00+00:00, 2023-12-01T21:30:00+00:00, 2023-12-08T21:30:00+00:00, 2023-12-20T21:30:00+00:00, 2023-12-26T21:30:00+00:00]","[4.0, 13.0, 3.0, 11.0, 9.0, 1.0, 4.0, 10.0, 4.0, 7.0, 2.0]","[0.5150000000000006, 0.25400000000000134, -0.10500000000000043, 0.22000000000000242, 0.060000000000002274, 0.06099999999999994, 0.8320000000000007, 0.7099999999999973, 0.07000000000000028, 0.5680000000000014, 0.26000000000000156]","[2.4031731217918835, 1.1359570661896303, -0.45761603835258413, 0.948275862068976, 0.25839793281654727, 0.26452732003469187, 3.6331877729257673, 3.0315969257045143, 0.2898550724637693, 2.318367346938781, 1.0471204188481738]",2024-01-07 06:01:40
NOCT,ALGO_TRIPLE_SCREEN_CGPT,8,7,1,0.7453,0.3730,9.8750,0.8926,0.5246638331119182,0.875,2023-12-27 21:30:00+00:00,11,TRIPLE_SCREEN_CGPT_1D_STOCK_RESULTS,"[2023-05-11T21:30:00+00:00, 2023-06-05T21:30:00+00:00, 2023-08-29T21:30:00+00:00, 2023-10-03T21:30:00+00:00, 2023-10-09T21:30:00+00:00, 2023-11-06T21:30:00+00:00, 2023-11-17T21:30:00+00:00, 2023-12-14T21:30:00+00:00]","[2023-06-02T21:30:00+00:00, 2023-06-21T21:30:00+00:00, 2023-09-22T21:30:00+00:00, 2023-10-04T21:30:00+00:00, 2023-10-20T21:30:00+00:00, 2023-11-16T21:30:00+00:00, 2023-12-04T21:30:00+00:00, 2023-12-27T21:30:00+00:00]","[15.0, 11.0, 17.0, 1.0, 9.0, 8.0, 10.0, 8.0]","[1.1799999999999997, 0.3399999999999963, 0.19500000000000028, -0.21000000000000085, 0.03999999999999915, 1.0180000000000007, 0.259999999999998, 0.16100000000000136]","[2.9633350075339018, 0.830078124999991, 0.46175704475491425, -0.49411764705882555, 0.09389671361502147, 2.3455140316114482, 0.5875706214689221, 0.3526062198861178]",2024-01-07 06:00:28
