symbol,strategy_name,trades,profitable_trades,loss_trades,average_profit,average_trade_days,average_percent_profit,median_percent_profit,percent_wins,last_sale_date,last_sell_date_diff,table_name,trades_buy_dates,trades_sell_dates,trades_days,trades_profit,trades_percent,last_update
FLBL,ALGO_ADX_28,8,7,1,0.0423,104.6250,0.1770,0.20282004890980374,0.875,2023-10-24 13:45:00+00:00,5,ADX_28_P1_L.75_AV_15M_STOCK_RESULTS,"[2023-08-25T19:00:00+00:00, 2023-08-29T00:00:00+00:00, 2023-09-07T22:30:00+00:00, 2023-09-15T15:15:00+00:00, 2023-09-22T16:45:00+00:00, 2023-09-28T13:45:00+00:00, 2023-10-12T18:45:00+00:00, 2023-10-18T16:30:00+00:00]","[2023-08-28T22:30:00+00:00, 2023-09-05T18:45:00+00:00, 2023-09-13T19:30:00+00:00, 2023-09-18T18:45:00+00:00, 2023-09-28T13:30:00+00:00, 2023-10-11T20:00:00+00:00, 2023-10-16T17:15:00+00:00, 2023-10-24T13:45:00+00:00]","[33.0, 134.0, 105.0, 40.0, 101.0, 279.0, 49.0, 96.0]","[0.030000000000001137, 0.022999999999999687, 0.07400000000000162, 0.06700000000000017, -0.09499999999999886, 0.02400000000000091, 0.09500000000000242, 0.11999999999999744]","[0.12590229981534806, 0.09640372202196197, 0.3095457207395701, 0.2797377980042594, -0.3965603606612075, 0.10068803490518925, 0.398992020159607, 0.5016722408026648]",2023-10-26 00:59:58
GSY,ALGO_ADX_28,7,7,0,0.0616,70.1429,0.1242,0.06858433856456797,1.0,2023-10-20 19:15:00+00:00,9,ADX_28_P1_L.75_AV_15M_STOCK_RESULTS,"[2023-08-24T15:45:00+00:00, 2023-09-05T19:45:00+00:00, 2023-09-15T17:30:00+00:00, 2023-09-28T17:30:00+00:00, 2023-10-02T14:15:00+00:00, 2023-10-05T13:45:00+00:00, 2023-10-19T14:45:00+00:00, 2023-10-23T18:00:00+00:00]","[2023-09-01T17:30:00+00:00, 2023-09-08T22:30:00+00:00, 2023-09-18T12:00:00+00:00, 2023-10-02T12:00:00+00:00, 2023-10-05T13:30:00+00:00, 2023-10-05T15:00:00+00:00, 2023-10-20T19:15:00+00:00]","[192.0, 95.0, 14.0, 44.0, 94.0, 5.0, 47.0]","[0.10200000000000387, 0.03999999999999915, 0.21399999999999864, 0.010000000000005116, 0.02599999999999625, 0.005000000000002558, 0.03399999999999892]","[0.2061688967942836, 0.08068420203324017, 0.4311386896607273, 0.02012477359630734, 0.052309673265725595, 0.010054293183194367, 0.06858433856456797]",2023-10-26 01:20:22
XBIL,ALGO_ADX_28,6,6,0,0.0515,246.6667,0.1033,0.07507710795113443,1.0,2023-10-17 16:00:00+00:00,12,ADX_28_P1_L.75_AV_5M_STOCK_RESULTS,"[2023-08-31T17:40:00+00:00, 2023-09-05T14:35:00+00:00, 2023-09-18T13:25:00+00:00, 2023-10-04T15:55:00+00:00, 2023-10-10T17:30:00+00:00, 2023-10-12T19:45:00+00:00, 2023-10-19T19:25:00+00:00]","[2023-09-01T14:50:00+00:00, 2023-09-18T13:15:00+00:00, 2023-10-03T15:20:00+00:00, 2023-10-09T16:45:00+00:00, 2023-10-11T15:05:00+00:00, 2023-10-17T16:00:00+00:00]","[44.0, 437.0, 647.0, 177.0, 30.0, 145.0]","[0.017999999999993577, 0.10499999999999687, 0.09300000000000352, 0.054999999999999716, 0.018000000000000682, 0.020000000000003126]","[0.0362041916408415, 0.211093464144261, 0.18661208764749082, 0.11015421590226261, 0.036021612967782037, 0.04000000000000625]",2023-10-28 09:41:11
GSY,ALGO_ADX_28,10,9,1,0.0512,226.1000,0.1032,0.08562100432269269,0.9,2023-10-27 14:35:00+00:00,2,ADX_28_P1_L.75_AV_5M_STOCK_RESULTS,"[2023-08-30T17:30:00+00:00, 2023-09-05T18:05:00+00:00, 2023-09-08T22:30:00+00:00, 2023-09-18T14:15:00+00:00, 2023-09-26T18:30:00+00:00, 2023-10-02T16:20:00+00:00, 2023-10-05T13:35:00+00:00, 2023-10-09T14:30:00+00:00, 2023-10-09T22:30:00+00:00, 2023-10-24T13:35:00+00:00, 2023-10-27T19:30:00+00:00]","[2023-09-01T16:30:00+00:00, 2023-09-08T20:10:00+00:00, 2023-09-18T08:10:00+00:00, 2023-09-26T13:30:00+00:00, 2023-09-28T18:15:00+00:00, 2023-10-05T13:30:00+00:00, 2023-10-05T13:50:00+00:00, 2023-10-09T20:10:00+00:00, 2023-10-16T13:30:00+00:00, 2023-10-27T14:35:00+00:00]","[149.0, 256.0, 371.0, 472.0, 162.0, 214.0, 3.0, 64.0, 319.0, 251.0]","[0.046999999999997044, 0.045999999999999375, 0.23400000000000176, 0.045000000000001705, 0.015000000000000568, 0.02499999999999858, 0.0, 0.010000000000005116, 0.04999999999999716, 0.03999999999999915]","[0.09489390054311019, 0.09279806334476372, 0.471622057400842, 0.0906618313689971, 0.030196275792653382, 0.05029675082989353, 0.0, 0.02009646302251832, 0.10046212577857576, 0.08058017727638829]",2023-10-28 06:05:58
DBI,ALGO_CMO10_SMA200_RSI30,7,6,1,0.0421,1.5714,0.3557,0.31847133757961105,0.8571428571428571,2023-10-16 22:30:00+00:00,13,CMO10_SMA200_RSI30_P1_L.75_AV_5M_STOCK_RESULTS,"[2023-08-31T23:00:00+00:00, 2023-09-07T16:40:00+00:00, 2023-09-14T18:05:00+00:00, 2023-09-22T17:45:00+00:00, 2023-10-02T16:15:00+00:00, 2023-10-04T17:40:00+00:00, 2023-10-16T20:40:00+00:00]","[2023-09-01T13:30:00+00:00, 2023-09-07T16:45:00+00:00, 2023-09-14T18:10:00+00:00, 2023-09-22T17:50:00+00:00, 2023-10-02T16:20:00+00:00, 2023-10-04T17:45:00+00:00, 2023-10-16T22:30:00+00:00]","[4.0, 1.0, 1.0, 1.0, 1.0, 1.0, 2.0]","[0.0600000000000005, 0.05500000000000149, 0.10000000000000142, 0.03999999999999915, 0.015000000000000568, 0.02499999999999858, 0.0]","[0.5731753916698558, 0.455599734923803, 0.8290499088045219, 0.31847133757961105, 0.11787819253438561, 0.19600156801253296, 0.0]",2023-10-29 09:48:04
IRBO,ALGO_EMA_MACD_CCI_ATR_CGPT,7,6,1,0.7931,1.4286,2.6198,1.2147078135259273,0.8571428571428571,2023-10-24 20:45:00+00:00,5,EMA_MACD_CCI_ATR_P1_L.75_AV_15M_STOCK_RESULTS,"[2023-08-23T21:00:00+00:00, 2023-09-25T21:30:00+00:00, 2023-10-03T00:00:00+00:00, 2023-10-11T20:30:00+00:00, 2023-10-17T13:30:00+00:00, 2023-10-18T21:45:00+00:00, 2023-10-24T20:15:00+00:00]","[2023-08-23T21:45:00+00:00, 2023-09-25T21:45:00+00:00, 2023-10-03T10:45:00+00:00, 2023-10-11T21:00:00+00:00, 2023-10-17T13:45:00+00:00, 2023-10-18T23:30:00+00:00, 2023-10-24T20:45:00+00:00]","[1.0, 1.0, 1.0, 1.0, 1.0, 4.0, 1.0]","[0.23999999999999844, 1.7999999999999972, 0.36999999999999744, 2.6499999999999986, 0.0020000000000024443, 0.75, -0.259999999999998]","[0.7640878701050571, 6.016042780748653, 1.2147078135259273, 8.71710526315789, 0.006594131223219401, 2.479338842975207, -0.8589362405021408]",2023-10-26 14:27:16
SPHY,ALGO_EMA_MACD_CCI_ATR_CGPT,6,6,0,0.0988,1.0000,0.4410,0.3957980406028697,1.0,2023-10-23 13:15:00+00:00,6,EMA_MACD_CCI_ATR_P1_L.75_AV_15M_STOCK_RESULTS,"[2023-08-28T20:15:00+00:00, 2023-08-31T21:00:00+00:00, 2023-09-01T22:30:00+00:00, 2023-09-07T11:00:00+00:00, 2023-09-28T13:45:00+00:00, 2023-10-23T12:45:00+00:00]","[2023-08-28T20:30:00+00:00, 2023-08-31T21:15:00+00:00, 2023-09-01T23:30:00+00:00, 2023-09-07T11:30:00+00:00, 2023-09-28T14:00:00+00:00, 2023-10-23T13:15:00+00:00]","[1.0, 1.0, 1.0, 1.0, 1.0, 1.0]","[0.2170000000000023, 0.06899999999999906, 0.1579999999999977, 0.10900000000000176, 0.030000000000001137, 0.010000000000001563]","[0.9767295314398988, 0.3055530953857013, 0.6968026460859876, 0.4860429858200382, 0.13545241105292188, 0.045703839122493435]",2023-10-26 15:25:56
INTR,ALGO_EMA_MACD_CCI_ATR_CGPT,7,6,1,0.0427,1.2857,1.0885,0.5249343832021002,0.8571428571428571,2023-10-18 13:30:00+00:00,11,EMA_MACD_CCI_ATR_P1_L.75_AV_5M_STOCK_RESULTS,"[2023-08-31T13:25:00+00:00, 2023-09-07T13:25:00+00:00, 2023-09-11T21:40:00+00:00, 2023-09-26T13:30:00+00:00, 2023-10-03T13:15:00+00:00, 2023-10-17T13:10:00+00:00, 2023-10-18T13:05:00+00:00]","[2023-08-31T13:30:00+00:00, 2023-09-07T13:30:00+00:00, 2023-09-11T22:00:00+00:00, 2023-09-26T13:35:00+00:00, 2023-10-03T13:20:00+00:00, 2023-10-17T13:25:00+00:00, 2023-10-18T13:30:00+00:00]","[1.0, 1.0, 1.0, 1.0, 1.0, 1.0, 3.0]","[0.019999999999999574, 0.020000000000000018, 0.20999999999999952, -0.03000000000000025, 0.028999999999999915, 0.019999999999999574, 0.03000000000000025]","[0.4576659038901504, 0.5249343832021002, 5.398457583547545, -0.7556675062972354, 0.7795698924731159, 0.49019607843136215, 0.7246376811594264]",2023-10-29 02:34:17
ALCC,ALGO_EMA_MACD_CCI_ATR_CGPT,8,7,1,0.0436,1.3750,0.4219,0.38204976968880205,0.875,2023-10-23 13:35:00+00:00,6,EMA_MACD_CCI_ATR_P1_L.75_AV_5M_STOCK_RESULTS,"[2023-09-06T13:30:00+00:00, 2023-09-07T13:15:00+00:00, 2023-09-14T23:00:00+00:00, 2023-09-15T23:00:00+00:00, 2023-09-19T18:45:00+00:00, 2023-09-25T12:40:00+00:00, 2023-10-12T13:20:00+00:00, 2023-10-23T13:30:00+00:00]","[2023-09-06T14:00:00+00:00, 2023-09-07T13:20:00+00:00, 2023-09-14T23:10:00+00:00, 2023-09-18T13:20:00+00:00, 2023-09-19T18:50:00+00:00, 2023-09-25T12:55:00+00:00, 2023-10-12T13:40:00+00:00, 2023-10-23T13:35:00+00:00]","[3.0, 1.0, 1.0, 1.0, 1.0, 1.0, 2.0, 1.0]","[0.009999999999999787, 0.08999999999999986, 0.07000000000000028, 0.08999999999999986, 0.0, 0.028999999999999915, 0.05000000000000071, 0.010000000000001563]","[0.09680542110357973, 0.8704061895551243, 0.6756756756756785, 0.8712487899322349, 0.0, 0.28100775193798366, 0.48309178743962045, 0.09718172983480626]",2023-10-29 00:47:31
GLDG,ALGO_EMA_MACD_CCI_ATR_CGPT,7,6,1,0.0030,1.1429,0.3751,0.38363171355498754,0.8571428571428571,2023-10-25 21:00:00+00:00,4,EMA_MACD_CCI_ATR_P1_L.75_AV_5M_STOCK_RESULTS,"[2023-09-05T17:45:00+00:00, 2023-09-08T20:55:00+00:00, 2023-09-12T21:20:00+00:00, 2023-09-18T21:20:00+00:00, 2023-09-26T22:40:00+00:00, 2023-09-27T00:00:00+00:00, 2023-10-25T20:45:00+00:00]","[2023-09-05T17:50:00+00:00, 2023-09-08T22:00:00+00:00, 2023-09-12T21:45:00+00:00, 2023-09-18T21:35:00+00:00, 2023-09-26T23:30:00+00:00, 2023-09-27T11:00:00+00:00, 2023-10-25T21:00:00+00:00]","[1.0, 2.0, 1.0, 1.0, 1.0, 1.0, 1.0]","[0.0030000000000000027, 0.0030000000000000027, 0.009999999999999898, 0.010000000000000009, -0.020000000000000018, 0.01200000000000001, 0.0030000000000000027]","[0.3627569528415965, 0.3717472118959111, 1.2345679012345552, 1.2195121951219523, -2.469135802469138, 1.5228426395939099, 0.38363171355498754]",2023-10-29 02:12:22
SGE,ALGO_EMA_RSI_ADX_BB_CGPT,7,6,1,0.1047,1.1429,5.7625,4.150000000000009,0.8571428571428571,2023-10-17 13:45:00+00:00,12,EMA_RSI_ADX_BB_P1_L.75_AV_15M_STOCK_RESULTS,"[2023-09-19T13:30:00+00:00, 2023-09-25T14:15:00+00:00, 2023-10-02T11:45:00+00:00, 2023-10-06T00:00:00+00:00, 2023-10-12T16:00:00+00:00, 2023-10-16T14:45:00+00:00, 2023-10-17T13:30:00+00:00]","[2023-09-19T13:45:00+00:00, 2023-09-25T15:45:00+00:00, 2023-10-02T13:30:00+00:00, 2023-10-06T15:30:00+00:00, 2023-10-12T17:00:00+00:00, 2023-10-16T15:00:00+00:00, 2023-10-17T13:45:00+00:00]","[1.0, 1.0, 1.0, 1.0, 2.0, 1.0, 1.0]","[0.08300000000000018, 0.1100000000000001, -0.010000000000000231, 0.06000000000000005, 0.1299999999999999, 0.03000000000000025, 0.33000000000000007]","[4.150000000000009, 5.699481865284979, -0.4629629629629736, 2.8708133971291896, 6.842105263157889, 1.4778325123152833, 19.760479041916174]",2023-10-26 18:08:31
VERO,ALGO_EMA_RSI_ADX_BB_CGPT,7,6,1,0.0840,1.4286,4.3829,4.663212435233165,0.8571428571428571,2023-10-24 14:45:00+00:00,5,EMA_RSI_ADX_BB_P1_L.75_AV_15M_STOCK_RESULTS,"[2023-09-26T18:45:00+00:00, 2023-09-29T13:45:00+00:00, 2023-10-10T16:30:00+00:00, 2023-10-10T17:15:00+00:00, 2023-10-16T14:15:00+00:00, 2023-10-17T13:15:00+00:00, 2023-10-24T12:00:00+00:00]","[2023-09-26T19:00:00+00:00, 2023-09-29T17:30:00+00:00, 2023-10-10T16:45:00+00:00, 2023-10-10T19:45:00+00:00, 2023-10-16T14:45:00+00:00, 2023-10-17T13:45:00+00:00, 2023-10-24T14:45:00+00:00]","[1.0, 1.0, 1.0, 2.0, 2.0, 1.0, 2.0]","[0.09000000000000008, 0.1499999999999999, -0.05499999999999994, 0.0050000000000001155, 0.2500000000000002, 0.09000000000000008, 0.05799999999999983]","[4.663212435233165, 7.812499999999996, -2.749999999999997, 0.25773195876289257, 13.089005235602105, 4.736842105263162, 2.8712871287128627]",2023-10-26 18:31:30
ENTX,ALGO_EMA_RSI_ADX_BB_CGPT,7,6,1,0.0236,1.1429,3.7236,0.5917159763313614,0.8571428571428571,2023-10-17 14:30:00+00:00,12,EMA_RSI_ADX_BB_P1_L.75_AV_15M_STOCK_RESULTS,"[2023-08-28T17:15:00+00:00, 2023-08-30T19:45:00+00:00, 2023-09-25T16:00:00+00:00, 2023-09-29T16:15:00+00:00, 2023-10-06T14:30:00+00:00, 2023-10-17T13:30:00+00:00, 2023-10-17T14:00:00+00:00]","[2023-08-28T18:15:00+00:00, 2023-08-30T20:00:00+00:00, 2023-09-25T16:45:00+00:00, 2023-09-29T16:30:00+00:00, 2023-10-06T15:15:00+00:00, 2023-10-17T13:45:00+00:00, 2023-10-17T14:30:00+00:00]","[1.0, 1.0, 2.0, 1.0, 1.0, 1.0, 1.0]","[0.0040000000000000036, 0.0010000000000000009, 0.05800000000000005, 0.0, 0.08899999999999997, 0.0010000000000000009, 0.0119999999999999]","[0.5917159763313614, 0.1499250374812595, 9.508196721311483, 0.0, 13.906249999999995, 0.14705882352941188, 1.7621145374449192]",2023-10-26 16:43:13
AUTL,ALGO_EMA_RSI_ADX_BB_CGPT,9,8,1,0.0890,1.4444,3.6758,1.2145748987854297,0.8888888888888888,2023-10-20 16:30:00+00:00,9,EMA_RSI_ADX_BB_P1_L.75_AV_15M_STOCK_RESULTS,"[2023-08-25T15:15:00+00:00, 2023-08-31T20:00:00+00:00, 2023-09-05T13:15:00+00:00, 2023-10-13T21:30:00+00:00, 2023-10-16T20:15:00+00:00, 2023-10-19T13:15:00+00:00, 2023-10-20T15:15:00+00:00, 2023-10-20T15:45:00+00:00, 2023-10-20T16:15:00+00:00]","[2023-08-25T15:30:00+00:00, 2023-08-31T20:15:00+00:00, 2023-09-05T13:45:00+00:00, 2023-10-16T10:45:00+00:00, 2023-10-17T13:30:00+00:00, 2023-10-19T13:30:00+00:00, 2023-10-20T15:30:00+00:00, 2023-10-20T16:00:00+00:00, 2023-10-20T16:30:00+00:00]","[1.0, 1.0, 2.0, 2.0, 3.0, 1.0, 1.0, 1.0, 1.0]","[0.029999999999999805, 0.039000000000000146, 0.1499999999999999, 0.4379999999999997, 0.029999999999999805, 0.129, -0.03999999999999959, 0.009999999999999787, 0.015000000000000124]","[0.9554140127388472, 1.2145748987854297, 4.716981132075468, 20.165745856353574, 1.3100436681222623, 5.328376703841388, -1.6771488469601508, 0.4301075268817112, 0.6382978723404308]",2023-10-26 16:07:38
CNTB,ALGO_EMA_RSI_ADX_BB_CGPT,7,6,1,0.0259,1.0000,2.5513,0.9174311926605512,0.8571428571428571,2023-10-19 14:15:00+00:00,10,EMA_RSI_ADX_BB_P1_L.75_AV_15M_STOCK_RESULTS,"[2023-10-02T13:30:00+00:00, 2023-10-04T13:45:00+00:00, 2023-10-10T19:45:00+00:00, 2023-10-11T12:00:00+00:00, 2023-10-11T18:30:00+00:00, 2023-10-11T20:00:00+00:00, 2023-10-19T14:00:00+00:00]","[2023-10-02T14:00:00+00:00, 2023-10-04T14:15:00+00:00, 2023-10-10T20:00:00+00:00, 2023-10-11T13:30:00+00:00, 2023-10-11T19:30:00+00:00, 2023-10-12T09:30:00+00:00, 2023-10-19T14:15:00+00:00]","[1.0, 1.0, 1.0, 1.0, 1.0, 1.0, 1.0]","[-0.010999999999999899, 0.007000000000000006, 0.0050000000000001155, 0.09999999999999987, 0.06000000000000005, 0.010000000000000009, 0.010000000000000009]","[-1.3431013431013308, 0.8206330597889808, 0.4694835680751282, 9.345794392523352, 6.382978723404261, 1.2658227848101276, 0.9174311926605512]",2023-10-26 16:27:18
ECOR,ALGO_EMA_RSI_ADX_BB_CGPT,7,6,1,0.1143,1.4286,1.9765,2.2452504317789272,0.8571428571428571,2023-10-06 15:15:00+00:00,23,EMA_RSI_ADX_BB_P1_L.75_AV_15M_STOCK_RESULTS,"[2023-09-07T22:45:00+00:00, 2023-09-08T19:00:00+00:00, 2023-09-19T11:15:00+00:00, 2023-10-04T20:00:00+00:00, 2023-10-06T13:45:00+00:00, 2023-10-06T14:15:00+00:00, 2023-10-06T14:45:00+00:00]","[2023-09-08T14:15:00+00:00, 2023-09-08T20:00:00+00:00, 2023-09-19T12:30:00+00:00, 2023-10-05T11:45:00+00:00, 2023-10-06T14:00:00+00:00, 2023-10-06T14:30:00+00:00, 2023-10-06T15:15:00+00:00]","[3.0, 1.0, 1.0, 1.0, 1.0, 1.0, 2.0]","[0.2600000000000007, 0.05999999999999961, 0.0, 0.16000000000000014, 0.1299999999999999, 0.05000000000000071, 0.13999999999999968]","[4.609929078014197, 1.054481546572928, 0.0, 2.5974025974025996, 2.2452504317789272, 0.854700854700867, 2.473498233215542]",2023-10-26 16:40:28
MAIA,ALGO_EMA_RSI_ADX_BB_CGPT,7,6,1,0.0441,1.1429,1.9502,1.5966386554621959,0.8571428571428571,2023-10-17 20:45:00+00:00,12,EMA_RSI_ADX_BB_P1_L.75_AV_15M_STOCK_RESULTS,"[2023-10-04T15:30:00+00:00, 2023-10-04T19:00:00+00:00, 2023-10-10T13:30:00+00:00, 2023-10-11T00:00:00+00:00, 2023-10-11T12:45:00+00:00, 2023-10-17T14:00:00+00:00, 2023-10-17T20:00:00+00:00]","[2023-10-04T15:45:00+00:00, 2023-10-04T19:15:00+00:00, 2023-10-10T13:45:00+00:00, 2023-10-11T12:00:00+00:00, 2023-10-11T13:15:00+00:00, 2023-10-17T14:15:00+00:00, 2023-10-17T20:45:00+00:00]","[1.0, 1.0, 1.0, 1.0, 2.0, 1.0, 1.0]","[0.004999999999999893, 0.03000000000000025, 0.038000000000000256, 0.0, 0.10599999999999987, 0.08000000000000007, 0.04999999999999982]","[0.23310023310022812, 1.4634146341463536, 1.5966386554621959, 0.0, 4.58081244598098, 3.555555555555559, 2.2222222222222143]",2023-10-26 17:27:40
KAVL,ALGO_EMA_RSI_ADX_BB_CGPT,8,7,1,0.0099,1.1250,1.8086,1.6478725877702876,0.875,2023-10-18 12:00:00+00:00,11,EMA_RSI_ADX_BB_P1_L.75_AV_15M_STOCK_RESULTS,"[2023-08-25T15:30:00+00:00, 2023-08-29T17:45:00+00:00, 2023-08-30T16:00:00+00:00, 2023-08-30T16:30:00+00:00, 2023-08-30T17:00:00+00:00, 2023-08-31T16:45:00+00:00, 2023-10-13T19:00:00+00:00, 2023-10-18T11:45:00+00:00]","[2023-08-25T15:45:00+00:00, 2023-08-29T18:00:00+00:00, 2023-08-30T16:15:00+00:00, 2023-08-30T16:45:00+00:00, 2023-08-30T17:15:00+00:00, 2023-08-31T17:00:00+00:00, 2023-10-13T19:30:00+00:00, 2023-10-18T12:00:00+00:00]","[1.0, 1.0, 1.0, 1.0, 1.0, 1.0, 2.0, 1.0]","[0.0030000000000000027, -0.0010000000000000009, 0.006000000000000005, 0.014000000000000012, 0.026000000000000023, 0.019000000000000017, 0.008000000000000007, 0.0040000000000000036]","[0.5882352941176475, -0.16666666666666682, 1.0000000000000009, 2.2727272727272747, 4.304635761589408, 3.1613976705490874, 2.285714285714288, 1.0230179028133002]",2023-10-26 17:18:57
ESGE,ALGO_EMA_RSI_ADX_BB_CGPT,7,6,1,0.4597,1.4286,1.5692,0.25469595670168194,0.8571428571428571,2023-10-12 14:15:00+00:00,17,EMA_RSI_ADX_BB_P1_L.75_AV_15M_STOCK_RESULTS,"[2023-08-24T20:00:00+00:00, 2023-08-29T12:00:00+00:00, 2023-08-29T22:30:00+00:00, 2023-08-31T12:00:00+00:00, 2023-08-31T13:45:00+00:00, 2023-10-11T12:00:00+00:00, 2023-10-12T14:00:00+00:00]","[2023-08-25T12:00:00+00:00, 2023-08-29T13:30:00+00:00, 2023-08-30T12:00:00+00:00, 2023-08-31T13:30:00+00:00, 2023-08-31T14:45:00+00:00, 2023-10-11T13:30:00+00:00, 2023-10-12T14:15:00+00:00]","[1.0, 1.0, 1.0, 1.0, 4.0, 1.0, 1.0]","[0.00999999999999801, 0.0799999999999983, 0.3000000000000007, 2.5710000000000015, -0.04299999999999926, 0.25, 0.05000000000000071]","[0.03215434083600647, 0.25469595670168194, 0.9517766497461952, 8.8995811554571, -0.1368990767271546, 0.819672131147541, 0.16345210853220238]",2023-10-26 16:44:38
MLP,ALGO_EMA_RSI_ADX_BB_CGPT,7,6,1,0.1669,1.4286,1.2376,1.0172143974960939,0.8571428571428571,2023-10-18 16:45:00+00:00,11,EMA_RSI_ADX_BB_P1_L.75_AV_15M_STOCK_RESULTS,"[2023-09-21T13:15:00+00:00, 2023-09-22T20:00:00+00:00, 2023-09-28T13:30:00+00:00, 2023-10-10T14:00:00+00:00, 2023-10-11T22:30:00+00:00, 2023-10-16T20:00:00+00:00, 2023-10-18T16:30:00+00:00]","[2023-09-21T13:45:00+00:00, 2023-09-25T13:30:00+00:00, 2023-09-28T14:00:00+00:00, 2023-10-10T14:30:00+00:00, 2023-10-11T23:00:00+00:00, 2023-10-16T20:30:00+00:00, 2023-10-18T16:45:00+00:00]","[2.0, 3.0, 1.0, 1.0, 1.0, 1.0, 1.0]","[0.3880000000000017, 0.13000000000000078, 0.2699999999999996, 0.02999999999999936, 0.0, 0.10999999999999943, 0.2400000000000002]","[2.9754601226993995, 1.0172143974960939, 2.042360060514369, 0.21551724137930575, 0.0, 0.7472826086956483, 1.6655100624566286]",2023-10-26 17:31:44
NVNO,ALGO_EMA_RSI_ADX_BB_CGPT,7,6,1,0.0619,1.1429,1.1339,0.7346189164370989,0.8571428571428571,2023-10-18 13:45:00+00:00,11,EMA_RSI_ADX_BB_P1_L.75_AV_15M_STOCK_RESULTS,"[2023-09-06T17:45:00+00:00, 2023-09-11T20:00:00+00:00, 2023-09-14T13:30:00+00:00, 2023-09-18T18:15:00+00:00, 2023-09-21T14:00:00+00:00, 2023-10-06T13:15:00+00:00, 2023-10-18T13:30:00+00:00]","[2023-09-06T18:15:00+00:00, 2023-09-12T13:30:00+00:00, 2023-09-14T13:45:00+00:00, 2023-09-18T18:30:00+00:00, 2023-09-21T14:45:00+00:00, 2023-10-06T13:30:00+00:00, 2023-10-18T13:45:00+00:00]","[1.0, 1.0, 1.0, 1.0, 2.0, 1.0, 1.0]","[0.019999999999999574, -0.07400000000000073, 0.009999999999999787, 0.040000000000000036, 0.12699999999999978, 0.1800000000000006, 0.1299999999999999]","[0.40816326530611374, -1.441371250486964, 0.18214936247722746, 0.7346189164370989, 2.368077568525075, 3.214285714285725, 2.4714828897338386]",2023-10-26 17:42:25
BHFAM,ALGO_EMA_RSI_ADX_BB_CGPT,10,9,1,0.1545,1.6000,1.0514,0.7108232596589326,0.9,2023-10-02 11:00:00+00:00,27,EMA_RSI_ADX_BB_P1_L.75_AV_15M_STOCK_RESULTS,"[2023-09-05T15:15:00+00:00, 2023-09-07T14:00:00+00:00, 2023-09-11T19:15:00+00:00, 2023-09-18T20:00:00+00:00, 2023-09-19T19:15:00+00:00, 2023-09-20T18:00:00+00:00, 2023-09-21T13:45:00+00:00, 2023-09-26T14:30:00+00:00, 2023-09-26T18:45:00+00:00, 2023-09-29T20:00:00+00:00]","[2023-09-05T15:30:00+00:00, 2023-09-07T16:00:00+00:00, 2023-09-11T19:30:00+00:00, 2023-09-19T13:30:00+00:00, 2023-09-19T19:30:00+00:00, 2023-09-20T18:30:00+00:00, 2023-09-21T15:45:00+00:00, 2023-09-26T15:00:00+00:00, 2023-09-26T19:45:00+00:00, 2023-10-02T11:00:00+00:00]","[1.0, 2.0, 1.0, 1.0, 1.0, 1.0, 2.0, 2.0, 3.0, 2.0]","[0.009999999999999787, 0.39000000000000057, 0.10000000000000142, 0.0600000000000005, -0.010000000000001563, 0.16000000000000014, 0.1349999999999998, 0.0909999999999993, 0.10899999999999999, 0.5]","[0.06890848952590813, 2.719665271966531, 0.6844626967830351, 0.4021447721179658, -0.06720430107527932, 1.0659560293137917, 0.9121621621621606, 0.6124234470691117, 0.7371838225348302, 3.378378378378378]",2023-10-26 16:12:43
UPLD,ALGO_EMA_RSI_ADX_BB_CGPT,18,16,2,0.0426,1.5000,1.0437,0.739837497263235,0.8888888888888888,2023-10-12 14:45:00+00:00,17,EMA_RSI_ADX_BB_P1_L.75_AV_15M_STOCK_RESULTS,"[2023-09-07T19:45:00+00:00, 2023-09-07T23:45:00+00:00, 2023-09-12T12:45:00+00:00, 2023-09-14T23:30:00+00:00, 2023-09-15T17:30:00+00:00, 2023-09-15T20:00:00+00:00, 2023-09-19T21:30:00+00:00, 2023-09-20T21:45:00+00:00, 2023-09-25T13:30:00+00:00, 2023-09-26T13:30:00+00:00, 2023-09-26T18:15:00+00:00, 2023-09-28T20:00:00+00:00, 2023-10-02T20:30:00+00:00, 2023-10-03T14:15:00+00:00, 2023-10-09T14:00:00+00:00, 2023-10-11T17:30:00+00:00, 2023-10-12T14:00:00+00:00, 2023-10-12T14:30:00+00:00]","[2023-09-07T20:30:00+00:00, 2023-09-08T12:00:00+00:00, 2023-09-12T13:30:00+00:00, 2023-09-15T13:45:00+00:00, 2023-09-15T17:45:00+00:00, 2023-09-15T21:15:00+00:00, 2023-09-20T13:30:00+00:00, 2023-09-20T22:45:00+00:00, 2023-09-25T13:45:00+00:00, 2023-09-26T13:45:00+00:00, 2023-09-26T18:30:00+00:00, 2023-09-28T22:45:00+00:00, 2023-10-03T13:30:00+00:00, 2023-10-03T14:30:00+00:00, 2023-10-09T14:15:00+00:00, 2023-10-11T17:45:00+00:00, 2023-10-12T14:15:00+00:00, 2023-10-12T14:45:00+00:00]","[2.0, 1.0, 3.0, 3.0, 1.0, 2.0, 1.0, 1.0, 1.0, 1.0, 1.0, 2.0, 3.0, 1.0, 1.0, 1.0, 1.0, 1.0]","[-0.010000000000000231, 0.08000000000000007, 0.040000000000000036, 0.10500000000000043, 0.01499999999999968, 0.10000000000000009, 0.03000000000000025, -0.010000000000000231, 0.04999999999999982, 0.09500000000000064, 0.02999999999999936, 0.03000000000000025, 0.019999999999999574, 0.02400000000000002, 0.06500000000000039, 0.06500000000000039, 0.017999999999999794, 0.020000000000000462]","[-0.2597402597402657, 2.088772845953004, 1.0723860589812342, 2.6250000000000107, 0.3778337531486065, 2.604166666666669, 0.7425742574257487, -0.2570694087403658, 1.262626262626258, 2.317073170731723, 0.7371007371007213, 0.6787330316742138, 0.45871559633026543, 0.5542725173210167, 1.4857142857142946, 1.4380530973451415, 0.4081632653061178, 0.45248868778281587]",2023-10-26 18:29:10
RKT,ALGO_EMA_RSI_ADX_BB_CGPT,10,9,1,0.0818,1.2000,0.9409,0.9331087584215589,0.9,2023-10-11 22:30:00+00:00,18,EMA_RSI_ADX_BB_P1_L.75_AV_15M_STOCK_RESULTS,"[2023-08-29T21:00:00+00:00, 2023-08-30T12:15:00+00:00, 2023-08-31T13:15:00+00:00, 2023-09-01T16:30:00+00:00, 2023-09-01T17:00:00+00:00, 2023-10-06T12:30:00+00:00, 2023-10-09T13:30:00+00:00, 2023-10-10T20:15:00+00:00, 2023-10-11T18:00:00+00:00, 2023-10-11T22:15:00+00:00]","[2023-08-29T22:00:00+00:00, 2023-08-30T13:15:00+00:00, 2023-08-31T13:30:00+00:00, 2023-09-01T16:45:00+00:00, 2023-09-01T17:15:00+00:00, 2023-10-06T12:45:00+00:00, 2023-10-09T13:45:00+00:00, 2023-10-10T20:30:00+00:00, 2023-10-11T18:15:00+00:00, 2023-10-11T22:30:00+00:00]","[1.0, 3.0, 1.0, 1.0, 1.0, 1.0, 1.0, 1.0, 1.0, 1.0]","[0.08999999999999986, 0.21600000000000108, 0.009999999999999787, -0.049999999999998934, 0.05000000000000071, 0.13999999999999968, 0.10000000000000053, 0.08000000000000007, 0.0600000000000005, 0.12199999999999989]","[0.866217516843117, 2.102394393614961, 0.09337068160597373, -0.47326076668243194, 0.47778308647874546, 1.8111254851228935, 1.2804097311139633, 1.0000000000000009, 0.7389162561576417, 1.5121467526028742]",2023-10-26 18:01:51
FIBK,ALGO_EMA_RSI_ADX_BB_CGPT,8,7,1,0.2225,1.1250,0.8858,0.5148601998395794,0.875,2023-10-11 16:45:00+00:00,18,EMA_RSI_ADX_BB_P1_L.75_AV_15M_STOCK_RESULTS,"[2023-09-05T18:00:00+00:00, 2023-09-05T20:00:00+00:00, 2023-09-14T20:30:00+00:00, 2023-10-05T20:15:00+00:00, 2023-10-06T20:15:00+00:00, 2023-10-09T19:45:00+00:00, 2023-10-09T20:30:00+00:00, 2023-10-11T16:30:00+00:00]","[2023-09-05T18:15:00+00:00, 2023-09-05T21:30:00+00:00, 2023-09-15T13:15:00+00:00, 2023-10-05T23:30:00+00:00, 2023-10-09T13:15:00+00:00, 2023-10-09T20:00:00+00:00, 2023-10-10T13:45:00+00:00, 2023-10-11T16:45:00+00:00]","[1.0, 1.0, 1.0, 1.0, 1.0, 1.0, 2.0, 1.0]","[0.045000000000001705, 0.8099999999999987, 0.2099999999999973, 0.07000000000000028, 0.17999999999999972, 0.02499999999999858, 0.5, -0.05999999999999872]","[0.1729438893159174, 3.1262060980316435, 0.8203124999999895, 0.28653295128939943, 0.7431874483897594, 0.1022704029453818, 2.082465639316951, -0.24762690879075]",2023-10-26 16:50:22
WRLD,ALGO_EMA_RSI_ADX_BB_CGPT,8,7,1,0.7369,1.2500,0.5784,0.7011028595090463,0.875,2023-10-17 17:15:00+00:00,12,EMA_RSI_ADX_BB_P1_L.75_AV_15M_STOCK_RESULTS,"[2023-09-12T19:45:00+00:00, 2023-09-13T16:30:00+00:00, 2023-09-18T18:15:00+00:00, 2023-09-18T19:45:00+00:00, 2023-10-12T13:45:00+00:00, 2023-10-12T16:15:00+00:00, 2023-10-17T16:00:00+00:00, 2023-10-17T17:00:00+00:00]","[2023-09-12T20:00:00+00:00, 2023-09-13T17:00:00+00:00, 2023-09-18T19:30:00+00:00, 2023-09-19T13:30:00+00:00, 2023-10-12T14:00:00+00:00, 2023-10-12T16:30:00+00:00, 2023-10-17T16:30:00+00:00, 2023-10-17T17:15:00+00:00]","[1.0, 1.0, 2.0, 2.0, 1.0, 1.0, 1.0, 1.0]","[0.7800000000000011, 1.1200000000000045, -0.47999999999998977, 0.09999999999999432, 1.6299999999999955, 1.269999999999996, 0.06499999999999773, 1.4099999999999966]","[0.5779490219324253, 0.8242566970856673, -0.36090225563909006, 0.07558578987149986, 1.290680180536856, 1.026262626262623, 0.05211674150096033, 1.1411460019423734]",2023-10-26 18:38:49
NSS,ALGO_EMA_RSI_ADX_BB_CGPT,12,11,1,0.1232,1.5000,0.4872,0.17929074113320792,0.9166666666666666,2023-10-24 16:15:00+00:00,5,EMA_RSI_ADX_BB_P1_L.75_AV_15M_STOCK_RESULTS,"[2023-08-31T15:00:00+00:00, 2023-09-01T12:45:00+00:00, 2023-09-05T14:15:00+00:00, 2023-09-06T14:45:00+00:00, 2023-09-11T19:45:00+00:00, 2023-09-12T13:30:00+00:00, 2023-09-14T13:30:00+00:00, 2023-09-19T23:00:00+00:00, 2023-09-20T17:15:00+00:00, 2023-09-29T20:00:00+00:00, 2023-10-06T19:30:00+00:00, 2023-10-24T16:00:00+00:00]","[2023-08-31T15:45:00+00:00, 2023-09-01T13:45:00+00:00, 2023-09-05T14:45:00+00:00, 2023-09-06T15:45:00+00:00, 2023-09-11T23:00:00+00:00, 2023-09-12T14:15:00+00:00, 2023-09-14T13:45:00+00:00, 2023-09-20T10:00:00+00:00, 2023-09-20T17:30:00+00:00, 2023-09-29T21:15:00+00:00, 2023-10-06T19:45:00+00:00, 2023-10-24T16:15:00+00:00]","[1.0, 2.0, 1.0, 1.0, 3.0, 2.0, 1.0, 1.0, 1.0, 3.0, 1.0, 1.0]","[0.023999999999997357, 0.8439999999999976, 0.06700000000000017, 0.053999999999998494, 0.01899999999999835, 0.15500000000000114, 0.02699999999999747, 0.21399999999999864, 0.0379999999999967, -0.05000000000000071, 0.0660000000000025, 0.019999999999999574]","[0.09414718343008535, 3.384529013113035, 0.2605584506494523, 0.2100105005250204, 0.07391845627139103, 0.605303237396029, 0.1042954264524006, 0.824789948354269, 0.1485709817413954, -0.19364833462432499, 0.25695931477517037, 0.07745933384972724]",2023-10-26 17:40:56
TITN,ALGO_EMA_RSI_ADX_BB_CGPT,7,6,1,0.0780,1.2857,0.2975,0.2157708905453247,0.8571428571428571,2023-10-16 19:45:00+00:00,13,EMA_RSI_ADX_BB_P1_L.75_AV_15M_STOCK_RESULTS,"[2023-08-29T19:15:00+00:00, 2023-08-31T21:45:00+00:00, 2023-09-29T18:45:00+00:00, 2023-09-29T19:45:00+00:00, 2023-10-11T19:15:00+00:00, 2023-10-11T20:15:00+00:00, 2023-10-16T19:30:00+00:00]","[2023-08-29T19:45:00+00:00, 2023-08-31T22:00:00+00:00, 2023-09-29T19:00:00+00:00, 2023-09-29T22:00:00+00:00, 2023-10-11T19:30:00+00:00, 2023-10-12T13:15:00+00:00, 2023-10-16T19:45:00+00:00]","[2.0, 1.0, 1.0, 2.0, 1.0, 1.0, 1.0]","[0.05000000000000071, 0.030000000000001137, 0.125, -0.08000000000000185, 0.05500000000000327, 0.2699999999999996, 0.09600000000000009]","[0.17531556802244289, 0.09671179883946208, 0.4668534080298786, -0.3000750187546956, 0.2157708905453247, 1.0509926041261175, 0.37691401648998857]",2023-10-26 18:22:20
TRMK,ALGO_EMA_RSI_ADX_BB_CGPT,6,6,0,0.0475,1.8333,0.2162,0.1984070489085649,1.0,2023-10-18 16:00:00+00:00,11,EMA_RSI_ADX_BB_P1_L.75_AV_15M_STOCK_RESULTS,"[2023-09-05T13:45:00+00:00, 2023-10-06T14:15:00+00:00, 2023-10-06T14:45:00+00:00, 2023-10-09T14:00:00+00:00, 2023-10-12T13:45:00+00:00, 2023-10-18T15:45:00+00:00]","[2023-09-05T14:30:00+00:00, 2023-10-06T14:30:00+00:00, 2023-10-06T15:00:00+00:00, 2023-10-09T14:30:00+00:00, 2023-10-12T14:30:00+00:00, 2023-10-18T16:00:00+00:00]","[3.0, 1.0, 1.0, 2.0, 3.0, 1.0]","[0.10999999999999943, 0.019999999999999574, 0.010000000000001563, 0.03500000000000014, 0.05999999999999872, 0.05000000000000071]","[0.4816112084063022, 0.09332711152589628, 0.04666355576295644, 0.16196205460435048, 0.27868091035763454, 0.2348520432127793]",2023-10-26 18:24:47
PLXS,ALGO_EMA_RSI_ADX_BB_CGPT,14,12,2,0.2089,1.2857,0.2147,0.155422434642141,0.8571428571428571,2023-10-17 13:30:00+00:00,12,EMA_RSI_ADX_BB_P1_L.75_AV_15M_STOCK_RESULTS,"[2023-08-31T13:30:00+00:00, 2023-08-31T19:00:00+00:00, 2023-08-31T19:45:00+00:00, 2023-08-31T21:45:00+00:00, 2023-09-01T20:00:00+00:00, 2023-09-05T13:45:00+00:00, 2023-09-29T18:30:00+00:00, 2023-10-03T14:45:00+00:00, 2023-10-03T18:00:00+00:00, 2023-10-04T15:00:00+00:00, 2023-10-05T14:45:00+00:00, 2023-10-10T13:15:00+00:00, 2023-10-16T19:15:00+00:00, 2023-10-16T20:15:00+00:00]","[2023-08-31T14:00:00+00:00, 2023-08-31T19:15:00+00:00, 2023-08-31T21:30:00+00:00, 2023-09-01T13:30:00+00:00, 2023-09-01T20:15:00+00:00, 2023-09-05T14:15:00+00:00, 2023-09-29T18:45:00+00:00, 2023-10-03T15:00:00+00:00, 2023-10-03T18:15:00+00:00, 2023-10-04T15:15:00+00:00, 2023-10-05T15:15:00+00:00, 2023-10-10T13:30:00+00:00, 2023-10-16T19:30:00+00:00, 2023-10-17T13:30:00+00:00]","[1.0, 1.0, 3.0, 1.0, 1.0, 2.0, 1.0, 1.0, 1.0, 1.0, 2.0, 1.0, 1.0, 1.0]","[1.0150000000000006, 0.0799999999999983, -0.519999999999996, 0.4900000000000091, 0.10999999999999943, 0.9950000000000045, 0.14999999999999147, 0.3100000000000023, 0.15000000000000568, 0.2150000000000034, 0.10999999999999943, 0.05999999999998806, 0.13999999999998636, -0.37999999999999545]","[0.9969551124643949, 0.07839294463498118, -0.5094542960713198, 0.4825209256523969, 0.10817189497492323, 1.0265669331957745, 0.1623903864891106, 0.3351351351351376, 0.16240796881767616, 0.23345458493946838, 0.11925411968777043, 0.06313131313130058, 0.14845448279517137, -0.4021164021163973]",2023-10-26 17:53:01
RLI,ALGO_EMA_RSI_ADX_BB_CGPT,11,10,1,0.2391,1.3636,0.1748,0.20610687022901544,0.9090909090909091,2023-10-10 15:00:00+00:00,19,EMA_RSI_ADX_BB_P1_L.75_AV_15M_STOCK_RESULTS,"[2023-09-05T20:00:00+00:00, 2023-09-06T13:30:00+00:00, 2023-09-06T15:45:00+00:00, 2023-09-18T13:45:00+00:00, 2023-09-21T19:45:00+00:00, 2023-09-25T14:30:00+00:00, 2023-09-25T19:45:00+00:00, 2023-09-26T18:30:00+00:00, 2023-10-09T15:00:00+00:00, 2023-10-10T13:45:00+00:00, 2023-10-10T14:45:00+00:00]","[2023-09-05T23:00:00+00:00, 2023-09-06T13:45:00+00:00, 2023-09-06T16:00:00+00:00, 2023-09-18T14:00:00+00:00, 2023-09-21T20:15:00+00:00, 2023-09-25T15:00:00+00:00, 2023-09-25T20:00:00+00:00, 2023-09-26T19:00:00+00:00, 2023-10-09T15:15:00+00:00, 2023-10-10T14:00:00+00:00, 2023-10-10T15:00:00+00:00]","[2.0, 1.0, 1.0, 1.0, 2.0, 2.0, 1.0, 2.0, 1.0, 1.0, 1.0]","[0.05000000000001137, 0.27000000000001023, 0.044999999999987494, 0.375, 0.07499999999998863, 0.6699999999999875, 0.375, 0.06499999999999773, 0.5200000000000102, -0.14000000000001478, 0.32500000000001705]","[0.03823799327012188, 0.20610687022901544, 0.0344089310291998, 0.27549221275345287, 0.053607805296443045, 0.4817024947875386, 0.26969686072854115, 0.047038390563373535, 0.38050636616421063, -0.1016592237592236, 0.23786869647955577]",2023-10-26 18:02:20
FBCV,ALGO_EMA_RSI_ADX_BB_CGPT,9,8,1,0.0439,1.3333,0.1571,0.08444395491428293,0.8888888888888888,2023-10-20 15:00:00+00:00,9,EMA_RSI_ADX_BB_P1_L.75_AV_15M_STOCK_RESULTS,"[2023-09-12T00:00:00+00:00, 2023-09-15T22:30:00+00:00, 2023-09-18T13:45:00+00:00, 2023-09-19T17:00:00+00:00, 2023-09-20T20:00:00+00:00, 2023-09-21T13:45:00+00:00, 2023-09-21T15:45:00+00:00, 2023-10-18T16:45:00+00:00, 2023-10-20T14:30:00+00:00]","[2023-09-12T15:00:00+00:00, 2023-09-18T13:30:00+00:00, 2023-09-18T14:45:00+00:00, 2023-09-19T17:15:00+00:00, 2023-09-20T22:30:00+00:00, 2023-09-21T14:00:00+00:00, 2023-09-21T16:30:00+00:00, 2023-10-18T18:15:00+00:00, 2023-10-20T15:00:00+00:00]","[1.0, 2.0, 2.0, 1.0, 1.0, 1.0, 1.0, 2.0, 1.0]","[0.12900000000000134, 0.027000000000001023, 0.08999999999999986, 0.00999999999999801, 0.0, 0.00999999999999801, 0.01600000000000179, 0.08999999999999986, 0.02300000000000324]","[0.4600078450950374, 0.09559890946429567, 0.31920553289590303, 0.035473572188712346, 0.0, 0.03558718861209256, 0.05706134094151851, 0.32620514679231555, 0.08444395491428293]",2023-10-26 16:47:40
DBE,ALGO_EMA_RSI_ADX_BB_CGPT,7,6,1,0.0246,1.1429,0.1060,0.12864493996569956,0.8571428571428571,2023-10-23 14:15:00+00:00,6,EMA_RSI_ADX_BB_P1_L.75_AV_15M_STOCK_RESULTS,"[2023-09-06T15:00:00+00:00, 2023-10-17T13:45:00+00:00, 2023-10-17T16:00:00+00:00, 2023-10-19T13:30:00+00:00, 2023-10-20T17:30:00+00:00, 2023-10-20T18:15:00+00:00, 2023-10-23T13:45:00+00:00]","[2023-09-06T15:15:00+00:00, 2023-10-17T14:15:00+00:00, 2023-10-17T16:30:00+00:00, 2023-10-19T13:45:00+00:00, 2023-10-20T17:45:00+00:00, 2023-10-20T18:30:00+00:00, 2023-10-23T14:15:00+00:00]","[1.0, 1.0, 2.0, 1.0, 1.0, 1.0, 1.0]","[0.030000000000001137, 0.018000000000000682, 0.05900000000000105, 0.030000000000001137, 0.020000000000003126, 0.0799999999999983, -0.06499999999999773]","[0.12958963282937858, 0.07824386003043113, 0.2579686065322944, 0.12864493996569956, 0.0845665961945164, 0.3410059676044258, -0.2777777777777681]",2023-10-26 16:33:06
SGE,ALGO_EMA_RSI_ADX_BB_CGPT,8,8,0,0.1228,1.1250,6.6869,4.370840049423655,1.0,2023-10-17 13:35:00+00:00,12,EMA_RSI_ADX_BB_P1_L.75_AV_5M_STOCK_RESULTS,"[2023-09-18T16:25:00+00:00, 2023-09-19T12:20:00+00:00, 2023-09-20T13:40:00+00:00, 2023-09-25T14:15:00+00:00, 2023-10-06T00:00:00+00:00, 2023-10-12T16:10:00+00:00, 2023-10-16T14:45:00+00:00, 2023-10-17T13:30:00+00:00]","[2023-09-18T16:30:00+00:00, 2023-09-19T13:30:00+00:00, 2023-09-20T13:45:00+00:00, 2023-09-25T15:50:00+00:00, 2023-10-06T15:35:00+00:00, 2023-10-12T17:00:00+00:00, 2023-10-16T14:50:00+00:00, 2023-10-17T13:35:00+00:00]","[1.0, 1.0, 1.0, 1.0, 1.0, 2.0, 1.0, 1.0]","[0.06000000000000005, 0.1299999999999999, 0.06200000000000028, 0.1100000000000001, 0.06000000000000005, 0.1299999999999999, 0.050000000000000266, 0.3799999999999999]","[2.8708133971291896, 6.951871657754005, 3.04219823356233, 5.699481865284979, 2.8708133971291896, 6.842105263157889, 2.4630541871921316, 22.754491017964064]",2023-10-29 07:59:33
SABS,ALGO_EMA_RSI_ADX_BB_CGPT,9,8,1,0.0394,1.3333,5.2046,4.947526236881547,0.8888888888888888,2023-10-27 21:55:00+00:00,2,EMA_RSI_ADX_BB_P1_L.75_AV_5M_STOCK_RESULTS,"[2023-10-03T14:05:00+00:00, 2023-10-06T09:10:00+00:00, 2023-10-06T17:40:00+00:00, 2023-10-17T22:20:00+00:00, 2023-10-18T17:25:00+00:00, 2023-10-20T15:25:00+00:00, 2023-10-23T22:10:00+00:00, 2023-10-24T20:40:00+00:00, 2023-10-27T20:35:00+00:00]","[2023-10-03T14:10:00+00:00, 2023-10-06T11:35:00+00:00, 2023-10-06T18:35:00+00:00, 2023-10-18T13:35:00+00:00, 2023-10-18T17:35:00+00:00, 2023-10-20T15:30:00+00:00, 2023-10-24T08:10:00+00:00, 2023-10-25T13:15:00+00:00, 2023-10-27T21:55:00+00:00]","[1.0, 1.0, 1.0, 2.0, 1.0, 1.0, 1.0, 2.0, 2.0]","[0.05799999999999994, 0.019000000000000017, -0.0010000000000000009, 0.03299999999999992, 0.018000000000000016, 0.07700000000000007, 0.04599999999999993, 0.015999999999999903, 0.08899999999999997]","[9.04836193447737, 2.8744326777609706, -0.15384615384615397, 4.947526236881547, 2.769230769230772, 10.664819944598348, 4.989154013015177, 1.7130620985010603, 9.988776655443319]",2023-10-29 07:53:59
CHEK,ALGO_EMA_RSI_ADX_BB_CGPT,7,6,1,0.0653,1.4286,1.7460,1.4925373134328304,0.8571428571428571,2023-09-29 19:00:00+00:00,30,EMA_RSI_ADX_BB_P1_L.75_AV_5M_STOCK_RESULTS,"[2023-09-11T14:20:00+00:00, 2023-09-15T20:15:00+00:00, 2023-09-19T13:20:00+00:00, 2023-09-21T13:50:00+00:00, 2023-09-22T16:50:00+00:00, 2023-09-29T17:15:00+00:00, 2023-09-29T18:40:00+00:00]","[2023-09-11T14:25:00+00:00, 2023-09-18T12:00:00+00:00, 2023-09-19T13:30:00+00:00, 2023-09-21T14:00:00+00:00, 2023-09-22T18:55:00+00:00, 2023-09-29T17:45:00+00:00, 2023-09-29T19:00:00+00:00]","[1.0, 2.0, 1.0, 1.0, 2.0, 2.0, 1.0]","[0.10699999999999976, 0.04999999999999982, 0.009999999999999787, 0.0, 0.08999999999999986, 0.040000000000000036, 0.16000000000000014]","[3.386075949367081, 1.4925373134328304, 0.2898550724637619, 0.0, 2.349869451697124, 0.9302325581395358, 3.7735849056603805]",2023-10-29 05:28:01
RBB,ALGO_EMA_RSI_ADX_BB_CGPT,6,6,0,0.1295,1.5000,1.0137,1.1525711793564417,1.0,2023-10-18 14:40:00+00:00,11,EMA_RSI_ADX_BB_P1_L.75_AV_5M_STOCK_RESULTS,"[2023-09-11T17:50:00+00:00, 2023-10-06T15:50:00+00:00, 2023-10-10T16:15:00+00:00, 2023-10-12T14:25:00+00:00, 2023-10-12T18:20:00+00:00, 2023-10-18T14:15:00+00:00]","[2023-09-11T18:55:00+00:00, 2023-10-06T16:00:00+00:00, 2023-10-10T17:05:00+00:00, 2023-10-12T14:45:00+00:00, 2023-10-12T18:25:00+00:00, 2023-10-18T14:40:00+00:00]","[2.0, 1.0, 1.0, 2.0, 1.0, 2.0]","[0.0600000000000005, 0.18200000000000038, 0.049999999999998934, 0.19000000000000128, 0.10999999999999943, 0.1850000000000005]","[0.4470938897168443, 1.434200157604416, 0.38819875776396684, 1.486697965571215, 0.8709422011084673, 1.4549744396382265]",2023-10-29 07:45:16
RAIL,ALGO_EMA_RSI_ADX_BB_CGPT,7,6,1,0.0256,1.2857,0.9408,0.7067137809187285,0.8571428571428571,2023-10-20 15:25:00+00:00,9,EMA_RSI_ADX_BB_P1_L.75_AV_5M_STOCK_RESULTS,"[2023-09-20T11:45:00+00:00, 2023-09-20T19:00:00+00:00, 2023-09-21T14:40:00+00:00, 2023-10-17T13:30:00+00:00, 2023-10-17T21:15:00+00:00, 2023-10-19T22:30:00+00:00, 2023-10-20T14:55:00+00:00]","[2023-09-20T13:30:00+00:00, 2023-09-20T19:40:00+00:00, 2023-09-21T15:50:00+00:00, 2023-10-17T13:45:00+00:00, 2023-10-17T23:10:00+00:00, 2023-10-20T13:30:00+00:00, 2023-10-20T15:25:00+00:00]","[1.0, 1.0, 1.0, 1.0, 2.0, 1.0, 2.0]","[0.009999999999999787, 0.020000000000000018, 0.009999999999999787, 0.029999999999999805, 0.04999999999999982, 0.0, 0.05899999999999972]","[0.34602076124566733, 0.7067137809187285, 0.3636363636363559, 1.090909090909084, 1.8939393939393872, 0.0, 2.184376156978886]",2023-10-29 07:44:57
FPXI,ALGO_EMA_RSI_ADX_BB_CGPT,7,6,1,0.1433,1.1429,0.3720,0.4123443983402461,0.8571428571428571,2023-10-17 13:40:00+00:00,12,EMA_RSI_ADX_BB_P1_L.75_AV_5M_STOCK_RESULTS,"[2023-10-09T13:25:00+00:00, 2023-10-10T13:30:00+00:00, 2023-10-11T12:00:00+00:00, 2023-10-12T12:00:00+00:00, 2023-10-13T13:30:00+00:00, 2023-10-16T12:45:00+00:00, 2023-10-17T13:30:00+00:00]","[2023-10-09T14:20:00+00:00, 2023-10-10T13:45:00+00:00, 2023-10-11T13:30:00+00:00, 2023-10-12T13:30:00+00:00, 2023-10-13T13:50:00+00:00, 2023-10-16T13:30:00+00:00, 2023-10-17T13:40:00+00:00]","[2.0, 1.0, 1.0, 1.0, 1.0, 1.0, 1.0]","[0.15899999999999892, 0.15899999999999892, 0.4899999999999949, 0.0899999999999963, 0.005000000000002558, -0.14999999999999858, 0.25]","[0.4189723320158074, 0.4123443983402461, 1.2684442143411723, 0.22912423625253642, 0.012830382345400458, -0.3883997928534401, 0.6507027589796981]",2023-10-29 06:10:12
CATH,ALGO_EMA_RSI_ADX_BB_CGPT,7,6,1,0.0629,1.4286,0.1195,0.13220018885741316,0.8571428571428571,2023-10-18 20:00:00+00:00,11,EMA_RSI_ADX_BB_P1_L.75_AV_5M_STOCK_RESULTS,"[2023-10-11T18:20:00+00:00, 2023-10-12T18:00:00+00:00, 2023-10-13T15:25:00+00:00, 2023-10-13T18:50:00+00:00, 2023-10-18T15:25:00+00:00, 2023-10-18T17:55:00+00:00, 2023-10-18T19:45:00+00:00]","[2023-10-11T18:25:00+00:00, 2023-10-12T19:00:00+00:00, 2023-10-13T15:30:00+00:00, 2023-10-13T18:55:00+00:00, 2023-10-18T15:30:00+00:00, 2023-10-18T18:05:00+00:00, 2023-10-18T20:00:00+00:00]","[1.0, 3.0, 1.0, 1.0, 1.0, 1.0, 2.0]","[0.07000000000000028, 0.09000000000000341, 0.03999999999999915, 0.060000000000002274, -0.03999999999999915, 0.0899999999999963, 0.13000000000000256]","[0.13220018885741316, 0.1708428246013732, 0.07604562737642423, 0.11437285550896353, -0.07564296520423439, 0.17064846416381552, 0.24813895781638207]",2023-10-29 05:22:47
CARD,ALGO_EMA_XOVER_CGPT,13,12,1,0.9913,2.6154,3.4700,2.360544217687084,0.9230769230769231,2023-10-26 22:30:00+00:00,3,EMA_XOVER_P1_L.75_AV_15M_STOCK_RESULTS,"[2023-10-18T19:45:00+00:00, 2023-10-19T13:45:00+00:00, 2023-10-19T16:45:00+00:00, 2023-10-19T20:00:00+00:00, 2023-10-20T00:00:00+00:00, 2023-10-20T17:45:00+00:00, 2023-10-20T22:30:00+00:00, 2023-10-23T15:30:00+00:00, 2023-10-24T00:00:00+00:00, 2023-10-25T00:00:00+00:00, 2023-10-25T15:15:00+00:00, 2023-10-25T20:00:00+00:00, 2023-10-26T18:45:00+00:00, 2023-10-27T00:00:00+00:00]","[2023-10-19T13:15:00+00:00, 2023-10-19T15:45:00+00:00, 2023-10-19T19:15:00+00:00, 2023-10-19T22:30:00+00:00, 2023-10-20T15:45:00+00:00, 2023-10-20T20:00:00+00:00, 2023-10-23T13:45:00+00:00, 2023-10-23T22:30:00+00:00, 2023-10-24T22:30:00+00:00, 2023-10-25T14:30:00+00:00, 2023-10-25T19:15:00+00:00, 2023-10-26T18:30:00+00:00, 2023-10-26T22:30:00+00:00]","[5.0, 2.0, 2.0, 1.0, 2.0, 3.0, 3.0, 3.0, 2.0, 3.0, 2.0, 4.0, 2.0]","[3.0799999999999983, 0.4800000000000004, 1.129999999999999, 1.1660000000000004, 0.31400000000000006, 0.6940000000000026, 2.1159999999999997, 1.4909999999999997, -0.24599999999999866, 1.1350000000000016, 0.5300000000000011, 0.41999999999999815, 0.5769999999999982]","[11.88271604938271, 1.7161244190203806, 4.012784090909087, 4.168752234537005, 1.0777045579352007, 2.360544217687084, 7.031301920648633, 5.102669404517453, -0.8010159226335797, 3.725586738880688, 1.691669326524102, 1.3265950726468672, 1.815036174897761]",2023-10-27 10:22:39
BSJS,ALGO_EMA_XOVER_CGPT,7,6,1,0.4061,35.8571,1.9940,0.42959888014674996,0.8571428571428571,2023-10-12 13:30:00+00:00,17,EMA_XOVER_P1_L.75_AV_15M_STOCK_RESULTS,"[2023-08-30T16:00:00+00:00, 2023-08-31T13:30:00+00:00, 2023-09-05T14:00:00+00:00, 2023-09-06T16:00:00+00:00, 2023-09-12T14:00:00+00:00, 2023-09-21T13:30:00+00:00, 2023-10-12T12:15:00+00:00]","[2023-08-30T21:30:00+00:00, 2023-09-05T13:30:00+00:00, 2023-09-06T15:45:00+00:00, 2023-09-12T13:30:00+00:00, 2023-09-20T21:30:00+00:00, 2023-09-21T17:15:00+00:00, 2023-10-12T13:30:00+00:00]","[17.0, 27.0, 26.0, 58.0, 111.0, 11.0, 1.0]","[0.9049999999999976, 0.019999999999999574, -0.10999999999999943, 0.08900000000000219, 0.934000000000001, 0.004999999999999005, 1.0]","[4.324970131421733, 0.0958497076583896, -0.5271733921211513, 0.42959888014674996, 4.484778642082018, 0.024154589371975874, 5.125576627370579]",2023-10-27 10:19:37
PULS,ALGO_EMA_XOVER_CGPT,7,7,0,0.0614,190.8571,0.1250,0.15029653099359247,1.0,2023-10-26 00:00:00+00:00,3,EMA_XOVER_P1_L.75_AV_15M_STOCK_RESULTS,"[2023-08-24T15:15:00+00:00, 2023-08-25T13:30:00+00:00, 2023-09-06T00:00:00+00:00, 2023-09-13T22:30:00+00:00, 2023-09-26T00:00:00+00:00, 2023-10-09T21:15:00+00:00, 2023-10-24T00:00:00+00:00, 2023-10-26T12:00:00+00:00]","[2023-08-25T00:00:00+00:00, 2023-09-05T22:30:00+00:00, 2023-09-13T21:00:00+00:00, 2023-09-25T22:30:00+00:00, 2023-10-09T20:30:00+00:00, 2023-10-23T22:30:00+00:00, 2023-10-26T00:00:00+00:00]","[22.0, 206.0, 179.0, 241.0, 314.0, 312.0, 62.0]","[0.00999999999999801, 0.11700000000000443, 0.02999999999999403, 0.09899999999999665, 0.07400000000000517, 0.0799999999999983, 0.020000000000003126]","[0.020424836601303124, 0.23892178885032556, 0.061115977753771936, 0.20147750167897235, 0.15029653099359247, 0.16217311980538882, 0.040477636106057736]",2023-10-27 12:27:45
CNTA,ALGO_KAMA_STOCHRSI_VWAP_CGPT,8,7,1,0.0685,1.6250,1.1232,1.2634661652817674,0.875,2023-10-11 18:00:00+00:00,18,KAMA_STOCHRSI_VWAP_P1_L.75_AV_15M_STOCK_RESULTS,"[2023-09-13T19:30:00+00:00, 2023-09-25T17:30:00+00:00, 2023-09-25T19:00:00+00:00, 2023-09-29T19:15:00+00:00, 2023-10-05T18:15:00+00:00, 2023-10-10T20:30:00+00:00, 2023-10-11T15:45:00+00:00, 2023-10-11T17:45:00+00:00]","[2023-09-13T20:00:00+00:00, 2023-09-25T18:30:00+00:00, 2023-09-25T19:15:00+00:00, 2023-09-29T19:45:00+00:00, 2023-10-05T18:30:00+00:00, 2023-10-11T14:00:00+00:00, 2023-10-11T16:15:00+00:00, 2023-10-11T18:00:00+00:00]","[2.0, 3.0, 1.0, 2.0, 1.0, 2.0, 1.0, 1.0]","[0.08499999999999996, 0.009999999999999787, 0.07500000000000018, 0.14000000000000057, 0.08000000000000007, -0.09999999999999964, 0.23000000000000043, 0.02799999999999958]","[1.2810851544837976, 0.1610305958132011, 1.2458471760797372, 2.218700475435825, 1.3559322033898318, -1.5999999999999945, 3.8590604026845705, 0.46419098143235377]",2023-10-27 16:53:34
PL,ALGO_KAMA_STOCHRSI_VWAP_CGPT,13,12,1,0.0302,2.6154,1.1215,1.0714285714285805,0.9230769230769231,2023-10-18 13:00:00+00:00,11,KAMA_STOCHRSI_VWAP_P1_L.75_AV_15M_STOCK_RESULTS,"[2023-08-23T19:30:00+00:00, 2023-08-30T18:45:00+00:00, 2023-09-01T18:00:00+00:00, 2023-09-11T14:30:00+00:00, 2023-09-11T20:00:00+00:00, 2023-09-12T13:00:00+00:00, 2023-09-20T12:45:00+00:00, 2023-09-26T11:00:00+00:00, 2023-10-02T15:15:00+00:00, 2023-10-05T16:15:00+00:00, 2023-10-17T18:30:00+00:00, 2023-10-17T19:30:00+00:00, 2023-10-18T12:45:00+00:00]","[2023-08-23T20:45:00+00:00, 2023-08-30T20:15:00+00:00, 2023-09-01T20:15:00+00:00, 2023-09-11T14:45:00+00:00, 2023-09-11T20:30:00+00:00, 2023-09-12T13:15:00+00:00, 2023-09-20T13:15:00+00:00, 2023-09-26T12:00:00+00:00, 2023-10-02T15:30:00+00:00, 2023-10-05T17:00:00+00:00, 2023-10-17T18:45:00+00:00, 2023-10-17T20:15:00+00:00, 2023-10-18T13:00:00+00:00]","[4.0, 6.0, 9.0, 1.0, 2.0, 1.0, 1.0, 1.0, 1.0, 3.0, 1.0, 3.0, 1.0]","[0.039000000000000146, 0.050000000000000266, 0.004999999999999893, 0.050000000000000266, -0.004999999999999893, 0.010000000000000231, 0.03000000000000025, 0.050000000000000266, 0.03500000000000014, 0.01499999999999968, 0.025000000000000355, 0.020000000000000018, 0.06800000000000006]","[1.189024390243907, 1.5151515151515234, 0.15037593984962083, 1.8148820326678865, -0.17636684303350594, 0.35211267605634616, 1.0714285714285805, 1.960784313725501, 1.3333333333333388, 0.5870841487279719, 1.0482180293501198, 0.8298755186721999, 2.90350128095645]",2023-10-27 18:20:33
RPTX,ALGO_KAMA_STOCHRSI_VWAP_CGPT,9,8,1,0.0883,1.4444,0.7803,0.788954635108482,0.8888888888888888,2023-10-06 16:45:00+00:00,23,KAMA_STOCHRSI_VWAP_P1_L.75_AV_15M_STOCK_RESULTS,"[2023-09-08T19:15:00+00:00, 2023-09-08T20:00:00+00:00, 2023-09-14T17:00:00+00:00, 2023-09-19T14:15:00+00:00, 2023-09-19T16:00:00+00:00, 2023-09-19T16:45:00+00:00, 2023-09-20T13:45:00+00:00, 2023-09-25T19:00:00+00:00, 2023-10-06T16:15:00+00:00]","[2023-09-08T19:30:00+00:00, 2023-09-11T13:30:00+00:00, 2023-09-14T17:15:00+00:00, 2023-09-19T14:30:00+00:00, 2023-09-19T16:30:00+00:00, 2023-09-19T17:00:00+00:00, 2023-09-20T14:00:00+00:00, 2023-09-25T19:45:00+00:00, 2023-10-06T16:45:00+00:00]","[1.0, 1.0, 1.0, 1.0, 2.0, 1.0, 1.0, 3.0, 2.0]","[-0.10999999999999943, 0.019999999999999574, 0.08000000000000007, 0.02000000000000135, 0.0649999999999995, 0.16500000000000092, 0.2699999999999996, 0.17999999999999972, 0.10500000000000043]","[-1.0486177311725398, 0.19083969465648445, 0.788954635108482, 0.17331022530330462, 0.5726872246695992, 1.4550264550264633, 2.1176470588235263, 1.4434643143544483, 1.3291139240506382]",2023-10-27 18:32:44
RBOT,ALGO_KAMA_STOCHRSI_VWAP_CGPT,7,6,1,0.0036,1.0000,0.6308,0.5940594059405946,0.8571428571428571,2023-10-19 19:15:00+00:00,10,KAMA_STOCHRSI_VWAP_P1_L.75_AV_15M_STOCK_RESULTS,"[2023-09-05T11:30:00+00:00, 2023-09-19T19:45:00+00:00, 2023-09-28T20:00:00+00:00, 2023-10-03T14:00:00+00:00, 2023-10-10T19:00:00+00:00, 2023-10-10T19:30:00+00:00, 2023-10-19T19:00:00+00:00]","[2023-09-05T11:45:00+00:00, 2023-09-19T20:00:00+00:00, 2023-09-28T20:45:00+00:00, 2023-10-03T14:15:00+00:00, 2023-10-10T19:15:00+00:00, 2023-10-10T19:45:00+00:00, 2023-10-19T19:15:00+00:00]","[1.0, 1.0, 1.0, 1.0, 1.0, 1.0, 1.0]","[0.0030000000000000027, -0.0020000000000000018, 0.009000000000000008, 0.006000000000000005, 0.0050000000000000044, 0.0030000000000000027, 0.0010000000000000009]","[0.3009027081243734, -0.2525252525252527, 1.4263074484944545, 1.1049723756906085, 1.0000000000000009, 0.5940594059405946, 0.2421307506053271]",2023-10-27 18:28:32
PKOH,ALGO_KAMA_STOCHRSI_VWAP_CGPT,8,7,1,0.0961,3.7500,0.4729,0.7263620989886828,0.875,2023-10-13 19:30:00+00:00,16,KAMA_STOCHRSI_VWAP_P1_L.75_AV_15M_STOCK_RESULTS,"[2023-09-18T19:45:00+00:00, 2023-09-25T19:30:00+00:00, 2023-10-09T15:00:00+00:00, 2023-10-10T17:45:00+00:00, 2023-10-10T19:15:00+00:00, 2023-10-12T17:30:00+00:00, 2023-10-13T15:00:00+00:00, 2023-10-13T19:00:00+00:00]","[2023-09-19T13:45:00+00:00, 2023-09-25T19:45:00+00:00, 2023-10-09T15:30:00+00:00, 2023-10-10T19:00:00+00:00, 2023-10-11T13:30:00+00:00, 2023-10-12T19:00:00+00:00, 2023-10-13T16:15:00+00:00, 2023-10-13T19:30:00+00:00]","[3.0, 1.0, 2.0, 4.0, 7.0, 6.0, 5.0, 2.0]","[0.25, 0.020000000000003126, 0.16999999999999815, 0.010000000000001563, 0.13000000000000256, 0.21000000000000085, 0.28999999999999915, -0.31099999999999994]","[1.3130252100840336, 0.10085728693899712, 0.843253968253959, 0.046926325668707476, 0.6094702297234064, 0.9404388714733581, 1.2680367293397425, -1.339074273412271]",2023-10-27 18:20:29
DFAR,ALGO_KAMA_STOCHRSI_VWAP_CGPT,7,6,1,0.0754,5.8571,0.3841,0.30303030303029654,0.8571428571428571,2023-10-17 14:15:00+00:00,12,KAMA_STOCHRSI_VWAP_P1_L.75_AV_15M_STOCK_RESULTS,"[2023-08-29T14:30:00+00:00, 2023-09-18T14:15:00+00:00, 2023-10-06T19:45:00+00:00, 2023-10-09T14:15:00+00:00, 2023-10-10T14:00:00+00:00, 2023-10-16T19:00:00+00:00, 2023-10-17T14:00:00+00:00, 2023-10-26T22:30:00+00:00]","[2023-08-29T17:00:00+00:00, 2023-09-18T16:00:00+00:00, 2023-10-09T13:45:00+00:00, 2023-10-09T15:30:00+00:00, 2023-10-10T15:15:00+00:00, 2023-10-17T13:45:00+00:00, 2023-10-17T14:15:00+00:00]","[10.0, 7.0, 5.0, 5.0, 5.0, 8.0, 1.0]","[0.07000000000000028, 0.019000000000001904, -0.01600000000000179, 0.1700000000000017, 0.21499999999999986, 0.010000000000001563, 0.05999999999999872]","[0.33425651800210243, 0.0913285906556523, -0.0833506980621056, 0.8854166666666756, 1.1076764554353418, 0.05053057099546015, 0.30303030303029654]",2023-10-27 17:00:39
DSM,ALGO_KAMA_STOCHRSI_VWAP_CGPT,8,7,1,0.0101,6.0000,0.1936,0.09347404886420976,0.875,2023-10-04 17:30:00+00:00,25,KAMA_STOCHRSI_VWAP_P1_L.75_AV_15M_STOCK_RESULTS,"[2023-08-29T18:45:00+00:00, 2023-08-30T16:45:00+00:00, 2023-09-01T17:00:00+00:00, 2023-09-01T18:15:00+00:00, 2023-09-12T14:15:00+00:00, 2023-09-18T18:00:00+00:00, 2023-09-20T16:30:00+00:00, 2023-10-04T16:30:00+00:00]","[2023-08-30T13:45:00+00:00, 2023-08-30T17:00:00+00:00, 2023-09-01T17:30:00+00:00, 2023-09-01T18:45:00+00:00, 2023-09-12T15:00:00+00:00, 2023-09-19T12:00:00+00:00, 2023-09-20T23:00:00+00:00, 2023-10-04T17:30:00+00:00]","[9.0, 1.0, 2.0, 2.0, 3.0, 11.0, 16.0, 4.0]","[0.004999999999999893, 0.0, 0.004999999999999893, 0.004999999999999893, 0.005000000000000782, 0.019999999999999574, 0.020999999999999908, 0.020000000000000462]","[0.09264406151565487, 0.0, 0.09255831173639195, 0.09247272054743653, 0.09430403621276466, 0.37807183364838515, 0.39481105470953015, 0.40387722132472664]",2023-10-27 17:03:49
USIG,ALGO_KAMA_STOCHRSI_VWAP_CGPT,6,6,0,0.0922,5.3333,0.1917,0.11039358198001965,1.0,2023-10-24 17:45:00+00:00,5,KAMA_STOCHRSI_VWAP_P1_L.75_AV_15M_STOCK_RESULTS,"[2023-08-25T19:15:00+00:00, 2023-09-18T19:30:00+00:00, 2023-09-22T18:15:00+00:00, 2023-10-23T14:00:00+00:00, 2023-10-24T13:45:00+00:00, 2023-10-24T15:45:00+00:00]","[2023-08-25T23:45:00+00:00, 2023-09-19T12:00:00+00:00, 2023-09-25T12:00:00+00:00, 2023-10-23T15:00:00+00:00, 2023-10-24T14:45:00+00:00, 2023-10-24T17:45:00+00:00]","[4.0, 3.0, 9.0, 4.0, 4.0, 8.0]","[0.31799999999999784, 0.02499999999999858, 0.015000000000000568, 0.10999999999999943, 0.0049999999999954525, 0.0799999999999983]","[0.653326211118868, 0.05133154015152778, 0.030950808847805728, 0.2345915973555117, 0.010599957600159958, 0.16945562380851154]",2023-10-27 18:58:56
NYF,ALGO_KAMA_STOCHRSI_VWAP_CGPT,7,6,1,0.0753,4.2857,0.1482,0.09932459276916399,0.8571428571428571,2023-10-24 16:30:00+00:00,5,KAMA_STOCHRSI_VWAP_P1_L.75_AV_15M_STOCK_RESULTS,"[2023-10-05T16:15:00+00:00, 2023-10-10T15:00:00+00:00, 2023-10-10T20:00:00+00:00, 2023-10-11T18:00:00+00:00, 2023-10-12T15:15:00+00:00, 2023-10-23T19:30:00+00:00, 2023-10-24T15:45:00+00:00]","[2023-10-05T17:15:00+00:00, 2023-10-10T18:15:00+00:00, 2023-10-11T13:30:00+00:00, 2023-10-11T20:00:00+00:00, 2023-10-12T16:00:00+00:00, 2023-10-23T19:45:00+00:00, 2023-10-24T16:30:00+00:00]","[1.0, 12.0, 3.0, 8.0, 2.0, 1.0, 3.0]","[0.05999999999999517, -0.008000000000002672, 0.30999999999999517, 0.07000000000000028, 0.030000000000001137, 0.015000000000000568, 0.04999999999999716]","[0.11841326228536643, -0.01576572138029417, 0.609756097560966, 0.13693270735524313, 0.05869118654015677, 0.029806259314457163, 0.09932459276916399]",2023-10-27 18:11:26
DCFC,ALGO_PSAR_RSI_CGPT,6,6,0,0.0115,1.1667,2.5236,1.7946701616426401,1.0,2023-10-25 18:45:00+00:00,4,PSAR_RSI_P1_L.75_AV_15M_STOCK_RESULTS,"[2023-09-15T23:15:00+00:00, 2023-09-18T21:00:00+00:00, 2023-09-25T18:30:00+00:00, 2023-09-25T19:00:00+00:00, 2023-10-12T20:30:00+00:00, 2023-10-25T18:30:00+00:00]","[2023-09-15T23:45:00+00:00, 2023-09-18T21:15:00+00:00, 2023-09-25T18:45:00+00:00, 2023-09-25T19:15:00+00:00, 2023-10-12T20:45:00+00:00, 2023-10-25T18:45:00+00:00]","[2.0, 1.0, 1.0, 1.0, 1.0, 1.0]","[0.016000000000000014, 0.030000000000000027, 0.0030000000000000027, 0.015000000000000013, 0.0040000000000000036, 0.0010000000000000009]","[2.4464831804281366, 5.235602094240843, 0.990099009900991, 4.8859934853420235, 1.142857142857144, 0.44052863436123385]",2023-10-27 14:15:04
HOLO,ALGO_PSAR_RSI_CGPT,8,7,1,0.0158,1.1250,0.9705,0.9317104696251624,0.875,2023-10-18 08:30:00+00:00,11,PSAR_RSI_P1_L.75_AV_15M_STOCK_RESULTS,"[2023-09-13T20:30:00+00:00, 2023-09-13T21:00:00+00:00, 2023-09-13T21:30:00+00:00, 2023-09-13T22:00:00+00:00, 2023-09-14T12:30:00+00:00, 2023-09-14T17:30:00+00:00, 2023-09-14T18:30:00+00:00, 2023-10-18T08:00:00+00:00]","[2023-09-13T20:45:00+00:00, 2023-09-13T21:15:00+00:00, 2023-09-13T21:45:00+00:00, 2023-09-13T22:15:00+00:00, 2023-09-14T12:45:00+00:00, 2023-09-14T17:45:00+00:00, 2023-09-14T18:45:00+00:00, 2023-10-18T08:30:00+00:00]","[1.0, 1.0, 1.0, 1.0, 1.0, 1.0, 1.0, 2.0]","[0.0900000000000003, 0.009999999999999787, 0.010000000000000231, -0.04999999999999982, 0.029999999999999805, 0.019000000000000128, 0.010000000000000009, 0.007000000000000006]","[4.265402843601911, 0.444444444444435, 0.45248868778281587, -2.30414746543778, 1.6042780748662995, 1.4383043149129546, 0.7575757575757582, 1.1058451816745665]",2023-10-27 14:45:41
FNGU,ALGO_RSI9_RSI30_SMA200_2,7,6,1,0.9900,4.1429,0.5806,0.5523972970074016,0.8571428571428571,2023-10-12 14:00:00+00:00,17,RSI9_RSI30_SMA200B_P1_L.75_AV_15M_STOCK_RESULTS,"[2023-08-22T14:00:00+00:00, 2023-08-24T08:00:00+00:00, 2023-08-30T09:00:00+00:00, 2023-08-31T10:00:00+00:00, 2023-10-09T08:15:00+00:00, 2023-10-12T12:45:00+00:00, 2023-10-12T13:45:00+00:00]","[2023-08-22T14:15:00+00:00, 2023-08-24T08:15:00+00:00, 2023-08-30T10:15:00+00:00, 2023-08-31T10:30:00+00:00, 2023-10-09T12:15:00+00:00, 2023-10-12T13:30:00+00:00, 2023-10-12T14:00:00+00:00]","[1.0, 1.0, 5.0, 2.0, 16.0, 3.0, 1.0]","[2.2600000000000193, 1.0300000000000011, 0.7599999999999909, 0.19999999999998863, 0.9000000000000057, 0.0, 1.7800000000000011]","[1.3766217944813424, 0.5523972970074016, 0.4312301407171986, 0.11022927689593728, 0.5639097744360938, 0.0, 1.0299733827103352]",2023-10-27 20:10:57
QLD,ALGO_RSI9_RSI30_SMA200_2,7,7,0,0.1813,5.0000,0.2884,0.15434242410212612,1.0,2023-10-12 14:15:00+00:00,17,RSI9_RSI30_SMA200B_P1_L.75_AV_15M_STOCK_RESULTS,"[2023-08-22T14:00:00+00:00, 2023-08-24T08:00:00+00:00, 2023-08-30T08:30:00+00:00, 2023-09-15T09:30:00+00:00, 2023-10-05T09:45:00+00:00, 2023-10-09T08:15:00+00:00, 2023-10-12T13:15:00+00:00]","[2023-08-22T14:15:00+00:00, 2023-08-24T08:15:00+00:00, 2023-08-30T10:45:00+00:00, 2023-09-15T10:15:00+00:00, 2023-10-05T10:00:00+00:00, 2023-10-09T12:15:00+00:00, 2023-10-12T14:15:00+00:00]","[1.0, 1.0, 9.0, 3.0, 1.0, 16.0, 4.0]","[0.3190000000000026, 0.09000000000000341, 0.10000000000000853, 0.04999999999999716, 0.03999999999999915, 0.13000000000000256, 0.5399999999999991]","[0.5171854734111586, 0.13882247690148755, 0.15434242410212612, 0.07626834253637566, 0.06741951795044522, 0.21526742838218674, 0.8494572911750813]",2023-10-27 21:14:21
META,ALGO_RSI9_RSI30_SMA200_2,7,6,1,0.8257,3.7143,0.2657,0.2803107058426153,0.8571428571428571,2023-10-24 16:00:00+00:00,5,RSI9_RSI30_SMA200B_P1_L.75_AV_15M_STOCK_RESULTS,"[2023-08-22T14:00:00+00:00, 2023-08-30T09:15:00+00:00, 2023-09-15T13:00:00+00:00, 2023-10-03T12:15:00+00:00, 2023-10-09T08:15:00+00:00, 2023-10-12T13:15:00+00:00, 2023-10-24T15:30:00+00:00]","[2023-08-22T14:15:00+00:00, 2023-08-30T10:00:00+00:00, 2023-09-15T13:30:00+00:00, 2023-10-03T12:45:00+00:00, 2023-10-09T11:15:00+00:00, 2023-10-12T14:15:00+00:00, 2023-10-24T16:00:00+00:00]","[1.0, 3.0, 2.0, 2.0, 12.0, 4.0, 2.0]","[1.5400000000000205, 0.8299999999999841, 1.1100000000000136, -1.2100000000000364, 0.5099999999999909, 2.3999999999999773, 0.5999999999999659]","[0.5318414145600292, 0.2803107058426153, 0.3574879227053184, -0.3954377594039139, 0.16313735525557896, 0.7320420924203072, 0.19033721409763216]",2023-10-27 20:47:44
ASTC,ALGO_RSI_EMA_ADX_CGPT,7,6,1,0.1900,2.8571,1.9075,2.2222222222222103,0.8571428571428571,2023-10-04 14:15:00+00:00,25,RSI_EMA_ADX_CGPT_P1_L.75_AV_15M_STOCK_RESULTS,"[2023-09-25T21:00:00+00:00, 2023-09-26T20:00:00+00:00, 2023-09-27T18:45:00+00:00, 2023-09-28T14:30:00+00:00, 2023-09-29T13:30:00+00:00, 2023-09-29T14:45:00+00:00, 2023-10-03T14:45:00+00:00]","[2023-09-26T15:45:00+00:00, 2023-09-27T13:30:00+00:00, 2023-09-27T21:30:00+00:00, 2023-09-28T20:00:00+00:00, 2023-09-29T14:00:00+00:00, 2023-10-02T20:00:00+00:00, 2023-10-04T14:15:00+00:00]","[2.0, 1.0, 2.0, 4.0, 1.0, 4.0, 6.0]","[0.28000000000000114, 0.1999999999999993, 0.33999999999999986, 0.33999999999999986, -0.2599999999999998, 0.21000000000000085, 0.21999999999999886]","[2.8197381671702026, 2.0202020202020132, 3.346456692913384, 3.4239677744209454, -2.559055118110234, 2.0792079207920877, 2.2222222222222103]",2023-10-26 04:54:04
HTIBP,ALGO_RSI_EMA_ADX_CGPT,7,6,1,0.2374,2.4286,1.3651,1.1104783599088854,0.8571428571428571,2023-10-11 20:00:00+00:00,18,RSI_EMA_ADX_CGPT_P1_L.75_AV_15M_STOCK_RESULTS,"[2023-10-06T17:00:00+00:00, 2023-10-09T19:15:00+00:00, 2023-10-10T14:30:00+00:00, 2023-10-10T15:30:00+00:00, 2023-10-11T13:45:00+00:00, 2023-10-11T15:30:00+00:00, 2023-10-11T18:45:00+00:00]","[2023-10-09T14:15:00+00:00, 2023-10-09T19:30:00+00:00, 2023-10-10T14:45:00+00:00, 2023-10-10T20:00:00+00:00, 2023-10-11T14:15:00+00:00, 2023-10-11T18:15:00+00:00, 2023-10-11T20:00:00+00:00]","[4.0, 1.0, 1.0, 4.0, 1.0, 4.0, 2.0]","[0.9800000000000004, -0.1999999999999993, 0.14699999999999847, 0.26000000000000156, 0.03999999999999915, 0.19500000000000028, 0.240000000000002]","[5.661467359907571, -1.1111111111111072, 0.8281690140844985, 1.4730878186968928, 0.22714366837023933, 1.1104783599088854, 1.3667425968109455]",2023-10-26 05:58:16
DBP,ALGO_RSI_EMA_ADX_CGPT,9,8,1,0.2933,4.1111,0.6026,0.19821605550048427,0.8888888888888888,2023-10-25 17:30:00+00:00,4,RSI_EMA_ADX_CGPT_P1_L.75_AV_15M_STOCK_RESULTS,"[2023-09-19T18:15:00+00:00, 2023-09-19T19:00:00+00:00, 2023-09-21T15:00:00+00:00, 2023-10-12T17:00:00+00:00, 2023-10-12T19:30:00+00:00, 2023-10-19T16:45:00+00:00, 2023-10-23T20:30:00+00:00, 2023-10-24T11:00:00+00:00, 2023-10-25T16:45:00+00:00]","[2023-09-19T18:45:00+00:00, 2023-09-19T19:30:00+00:00, 2023-09-22T14:15:00+00:00, 2023-10-12T18:45:00+00:00, 2023-10-13T13:45:00+00:00, 2023-10-19T17:00:00+00:00, 2023-10-24T00:00:00+00:00, 2023-10-24T22:30:00+00:00, 2023-10-25T17:30:00+00:00]","[2.0, 2.0, 11.0, 4.0, 5.0, 1.0, 2.0, 9.0, 1.0]","[0.01999999999999602, 0.00999999999999801, 0.259999999999998, -0.010000000000005116, 1.186, 0.10000000000000142, 0.9660000000000011, 0.008000000000002672, 0.09999999999999432]","[0.04035512510087978, 0.020161290322576634, 0.5259963584867449, -0.020977554017212324, 2.4874161073825505, 0.20036064916850618, 1.9558615104272141, 0.01589825119237415, 0.19821605550048427]",2023-10-26 05:23:00
STRT,ALGO_RSI_EMA_ADX_CGPT,7,6,1,0.1309,3.7143,0.5813,0.31840188424128935,0.8571428571428571,2023-10-25 18:15:00+00:00,4,RSI_EMA_ADX_CGPT_P1_L.75_AV_15M_STOCK_RESULTS,"[2023-09-18T15:45:00+00:00, 2023-09-18T17:45:00+00:00, 2023-10-18T13:30:00+00:00, 2023-10-19T13:30:00+00:00, 2023-10-23T14:30:00+00:00, 2023-10-24T13:30:00+00:00, 2023-10-24T19:30:00+00:00]","[2023-09-18T16:45:00+00:00, 2023-09-18T20:00:00+00:00, 2023-10-18T13:45:00+00:00, 2023-10-19T14:00:00+00:00, 2023-10-23T14:45:00+00:00, 2023-10-24T19:15:00+00:00, 2023-10-25T18:15:00+00:00]","[3.0, 4.0, 1.0, 1.0, 1.0, 6.0, 10.0]","[-0.43299999999999983, 0.0730000000000004, 0.33999999999999986, 0.05000000000000071, 0.06700000000000017, 0.11500000000000199, 0.7040000000000006]","[-1.8623655913978485, 0.31840188424128935, 1.5004413062665483, 0.2201673271686513, 0.2908869882342733, 0.5070546737213492, 3.0945054945054973]",2023-10-26 07:12:43
PID,ALGO_RSI_EMA_ADX_CGPT,7,7,0,0.0539,6.0000,0.3105,0.23191356977204802,1.0,2023-10-11 13:30:00+00:00,18,RSI_EMA_ADX_CGPT_P1_L.75_AV_15M_STOCK_RESULTS,"[2023-09-15T17:30:00+00:00, 2023-09-15T19:45:00+00:00, 2023-09-18T13:45:00+00:00, 2023-09-18T18:15:00+00:00, 2023-09-19T15:00:00+00:00, 2023-10-09T13:30:00+00:00, 2023-10-11T12:00:00+00:00]","[2023-09-15T17:45:00+00:00, 2023-09-15T20:00:00+00:00, 2023-09-18T16:00:00+00:00, 2023-09-19T13:30:00+00:00, 2023-09-19T23:30:00+00:00, 2023-10-09T13:45:00+00:00, 2023-10-11T13:30:00+00:00]","[1.0, 1.0, 9.0, 8.0, 21.0, 1.0, 1.0]","[0.022000000000002018, 0.02499999999999858, 0.04100000000000037, 0.020999999999997243, 0.1599999999999966, 0.06800000000000139, 0.03999999999999915]","[0.1240904732359525, 0.14105168133603352, 0.23191356977204802, 0.11851684632314037, 0.9054895302772867, 0.4138770541692111, 0.23866348448686842]",2023-10-26 06:45:41
KMF,ALGO_RSI_EMA_ADX_CGPT,8,7,1,0.0179,7.7500,0.2541,0.26091745341412564,0.875,2023-10-20 18:45:00+00:00,9,RSI_EMA_ADX_CGPT_P1_L.75_AV_15M_STOCK_RESULTS,"[2023-08-25T12:00:00+00:00, 2023-08-25T17:30:00+00:00, 2023-09-01T18:15:00+00:00, 2023-09-01T19:45:00+00:00, 2023-09-21T17:15:00+00:00, 2023-09-21T18:00:00+00:00, 2023-10-12T18:00:00+00:00, 2023-10-20T13:45:00+00:00]","[2023-08-25T15:30:00+00:00, 2023-08-25T18:15:00+00:00, 2023-09-01T19:30:00+00:00, 2023-09-05T13:45:00+00:00, 2023-09-21T17:45:00+00:00, 2023-09-21T20:00:00+00:00, 2023-10-13T13:45:00+00:00, 2023-10-20T18:45:00+00:00]","[7.0, 3.0, 5.0, 5.0, 2.0, 8.0, 12.0, 20.0]","[0.028999999999999915, 0.019000000000000128, 0.019000000000000128, 0.019000000000000128, 0.01499999999999968, -0.04800000000000004, 0.07999999999999918, 0.009999999999999787]","[0.4055944055944044, 0.26499302649930445, 0.2610966057441271, 0.26073830108412416, 0.2055921052631535, -0.6578947368421059, 1.1527377521613713, 0.13966480446927076]",2023-10-26 06:12:37
RLI,ALGO_RSI_EMA_ADX_CGPT,24,21,3,0.2813,6.5000,0.2059,0.2395699589056742,0.875,2023-10-11 14:00:00+00:00,18,RSI_EMA_ADX_CGPT_P1_L.75_AV_15M_STOCK_RESULTS,"[2023-09-05T19:30:00+00:00, 2023-09-06T14:00:00+00:00, 2023-09-06T14:45:00+00:00, 2023-09-13T17:45:00+00:00, 2023-09-14T15:30:00+00:00, 2023-09-14T16:45:00+00:00, 2023-09-14T17:15:00+00:00, 2023-09-15T13:45:00+00:00, 2023-09-15T15:15:00+00:00, 2023-09-15T19:45:00+00:00, 2023-09-18T13:45:00+00:00, 2023-09-19T17:00:00+00:00, 2023-09-21T18:45:00+00:00, 2023-09-21T19:45:00+00:00, 2023-09-22T14:45:00+00:00, 2023-09-22T19:00:00+00:00, 2023-09-22T20:00:00+00:00, 2023-09-25T14:15:00+00:00, 2023-09-25T17:30:00+00:00, 2023-09-25T19:00:00+00:00, 2023-10-09T14:15:00+00:00, 2023-10-09T17:15:00+00:00, 2023-10-10T13:45:00+00:00, 2023-10-10T15:00:00+00:00]","[2023-09-06T13:45:00+00:00, 2023-09-06T14:15:00+00:00, 2023-09-07T13:45:00+00:00, 2023-09-13T20:00:00+00:00, 2023-09-14T16:15:00+00:00, 2023-09-14T17:00:00+00:00, 2023-09-14T18:30:00+00:00, 2023-09-15T14:00:00+00:00, 2023-09-15T15:45:00+00:00, 2023-09-15T20:00:00+00:00, 2023-09-18T14:30:00+00:00, 2023-09-19T17:45:00+00:00, 2023-09-21T19:00:00+00:00, 2023-09-22T14:00:00+00:00, 2023-09-22T18:45:00+00:00, 2023-09-22T19:15:00+00:00, 2023-09-25T14:00:00+00:00, 2023-09-25T17:15:00+00:00, 2023-09-25T18:45:00+00:00, 2023-09-26T14:00:00+00:00, 2023-10-09T15:45:00+00:00, 2023-10-09T17:45:00+00:00, 2023-10-10T14:45:00+00:00, 2023-10-11T14:00:00+00:00]","[6.0, 1.0, 26.0, 9.0, 3.0, 1.0, 5.0, 1.0, 2.0, 1.0, 3.0, 3.0, 1.0, 7.0, 14.0, 1.0, 6.0, 12.0, 5.0, 10.0, 6.0, 2.0, 4.0, 27.0]","[-0.22999999999998977, 0.6200000000000045, 0.6780000000000257, 0.12000000000000455, -0.11499999999998067, 0.20999999999997954, 0.5200000000000102, 0.18000000000000682, 0.3400000000000034, 0.5099999999999909, 0.6099999999999852, 0.6599999999999966, 0.15899999999999181, 0.6150000000000091, 0.28000000000000114, 0.08500000000000796, 0.05000000000001137, 0.7600000000000193, 0.3199999999999932, 0.15499999999997272, 0.39500000000001023, 0.4749999999999943, -1.085000000000008, 0.4399999999999977]","[-0.1749049429657717, 0.47162635022060284, 0.5168392005000882, 0.0886132033673051, -0.084767626137899, 0.1549586776859353, 0.3836788902826018, 0.13173302107728838, 0.24972456849063782, 0.37390029325512525, 0.44813399941227244, 0.476603119584053, 0.11324786324785742, 0.4395840034309061, 0.20010005002501333, 0.06059309951526087, 0.035719388484077276, 0.5466052934407505, 0.2294153493207106, 0.11102356564714039, 0.28858447488585226, 0.3461972960169048, -0.7878589841339054, 0.321273410974406]",2023-10-26 06:56:49
GHYG,ALGO_RSI_EMA_ADX_CGPT,7,6,1,0.0687,8.1429,0.1656,0.15287551565154667,0.8571428571428571,2023-10-16 14:45:00+00:00,13,RSI_EMA_ADX_CGPT_P1_L.75_AV_15M_STOCK_RESULTS,"[2023-09-07T13:45:00+00:00, 2023-09-15T15:15:00+00:00, 2023-10-11T14:45:00+00:00, 2023-10-11T18:45:00+00:00, 2023-10-12T14:15:00+00:00, 2023-10-13T18:30:00+00:00, 2023-10-16T14:30:00+00:00, 2023-10-25T14:00:00+00:00]","[2023-09-08T14:15:00+00:00, 2023-09-18T16:45:00+00:00, 2023-10-11T16:15:00+00:00, 2023-10-11T19:45:00+00:00, 2023-10-13T15:00:00+00:00, 2023-10-16T13:45:00+00:00, 2023-10-16T14:45:00+00:00]","[17.0, 12.0, 1.0, 3.0, 14.0, 9.0, 1.0]","[0.2189999999999941, 0.0799999999999983, 0.015000000000000568, 0.06300000000000239, -0.0049999999999954525, 0.07900000000000063, 0.02999999999999403]","[0.5250287686996405, 0.19137840294722333, 0.03633280852610045, 0.15287551565154667, -0.01216693028347841, 0.1929606018416761, 0.0731350560701951]",2023-10-26 05:48:22
NEA,ALGO_RSI_EMA_ADX_CGPT,7,6,1,0.0120,9.8571,0.1191,0.09620935154896851,0.8571428571428571,2023-10-10 14:00:00+00:00,19,RSI_EMA_ADX_CGPT_P1_L.75_AV_15M_STOCK_RESULTS,"[2023-08-31T13:45:00+00:00, 2023-08-31T19:15:00+00:00, 2023-09-01T16:00:00+00:00, 2023-09-01T17:00:00+00:00, 2023-09-01T17:30:00+00:00, 2023-09-05T13:30:00+00:00, 2023-10-10T13:30:00+00:00]","[2023-08-31T19:00:00+00:00, 2023-08-31T19:45:00+00:00, 2023-09-01T16:45:00+00:00, 2023-09-01T17:15:00+00:00, 2023-09-01T19:15:00+00:00, 2023-09-06T14:00:00+00:00, 2023-10-10T14:00:00+00:00]","[21.0, 2.0, 3.0, 1.0, 7.0, 33.0, 2.0]","[0.019000000000000128, 0.014999999999998792, 0.004999999999999005, 0.009999999999999787, 0.009999999999999787, -0.005000000000000782, 0.02999999999999936]","[0.18315018315018436, 0.14445300462248453, 0.048104675774475705, 0.09620935154896851, 0.09620935154896851, -0.04819741661847678, 0.3136107045787096]",2023-10-26 06:31:13
BWFG,ALGO_RSI_EMA_ADX_CGPT,8,7,1,0.1826,2.1250,0.7460,0.8676254335564046,0.875,2023-10-13 13:35:00+00:00,16,RSI_EMA_ADX_CGPT_P1_L.75_AV_5M_STOCK_RESULTS,"[2023-10-09T21:25:00+00:00, 2023-10-10T20:00:00+00:00, 2023-10-11T18:15:00+00:00, 2023-10-11T19:55:00+00:00, 2023-10-12T13:25:00+00:00, 2023-10-12T17:55:00+00:00, 2023-10-12T18:35:00+00:00, 2023-10-12T19:55:00+00:00]","[2023-10-10T19:15:00+00:00, 2023-10-11T13:30:00+00:00, 2023-10-11T19:45:00+00:00, 2023-10-11T20:00:00+00:00, 2023-10-12T14:40:00+00:00, 2023-10-12T18:25:00+00:00, 2023-10-12T19:50:00+00:00, 2023-10-13T13:35:00+00:00]","[2.0, 1.0, 1.0, 1.0, 4.0, 2.0, 3.0, 3.0]","[0.4599999999999973, 0.1999999999999993, 0.20800000000000196, -0.3150000000000013, 0.23699999999999832, 0.0400000000000027, 0.21999999999999886, 0.41100000000000136]","[1.8699186991869807, 0.8110300081102972, 0.8372916834393446, -1.2719563900666313, 0.9626320064987747, 0.16286644951141166, 0.8979591836734647, 1.698347107438022]",2023-10-28 10:27:39
MRSK,ALGO_RSI_EMA_ADX_CGPT,9,8,1,0.0446,7.6667,0.1578,0.1435750179468742,0.8888888888888888,2023-10-19 17:25:00+00:00,10,RSI_EMA_ADX_CGPT_P1_L.75_AV_5M_STOCK_RESULTS,"[2023-09-15T17:50:00+00:00, 2023-10-09T15:55:00+00:00, 2023-10-12T16:00:00+00:00, 2023-10-12T18:45:00+00:00, 2023-10-17T14:10:00+00:00, 2023-10-17T18:40:00+00:00, 2023-10-17T19:50:00+00:00, 2023-10-18T16:30:00+00:00, 2023-10-19T16:45:00+00:00]","[2023-09-18T16:30:00+00:00, 2023-10-09T17:20:00+00:00, 2023-10-12T16:05:00+00:00, 2023-10-16T17:55:00+00:00, 2023-10-17T14:25:00+00:00, 2023-10-17T19:30:00+00:00, 2023-10-17T20:10:00+00:00, 2023-10-19T16:40:00+00:00, 2023-10-19T17:25:00+00:00]","[19.0, 1.0, 1.0, 22.0, 1.0, 3.0, 2.0, 17.0, 3.0]","[0.028000000000002245, 0.03999999999999915, 0.010000000000001563, 0.240000000000002, 0.030000000000001137, 0.09999999999999787, 0.08299999999999841, -0.25, 0.120000000000001]","[0.09601536245800098, 0.1435750179468742, 0.035124692658944724, 0.851667849538687, 0.10604453870626065, 0.35360678925034605, 0.29349363507778786, -0.888415067519545, 0.4288777698356004]",2023-10-28 12:21:04
PCQ,ALGO_RSI_EMA_ADX_CGPT,9,8,1,0.0113,6.3333,0.1362,0.1200480192076805,0.8888888888888888,2023-10-16 15:10:00+00:00,13,RSI_EMA_ADX_CGPT_P1_L.75_AV_5M_STOCK_RESULTS,"[2023-10-05T13:45:00+00:00, 2023-10-05T15:20:00+00:00, 2023-10-10T20:00:00+00:00, 2023-10-11T15:15:00+00:00, 2023-10-11T15:30:00+00:00, 2023-10-12T17:05:00+00:00, 2023-10-13T16:50:00+00:00, 2023-10-16T14:00:00+00:00, 2023-10-16T14:55:00+00:00]","[2023-10-05T13:50:00+00:00, 2023-10-05T16:10:00+00:00, 2023-10-10T20:10:00+00:00, 2023-10-11T15:20:00+00:00, 2023-10-11T15:45:00+00:00, 2023-10-13T14:05:00+00:00, 2023-10-13T20:00:00+00:00, 2023-10-16T14:35:00+00:00, 2023-10-16T15:10:00+00:00]","[1.0, 2.0, 1.0, 1.0, 2.0, 26.0, 17.0, 5.0, 2.0]","[-0.009999999999999787, 0.009999999999999787, 0.014999999999998792, 0.025000000000000355, 0.009999999999999787, 0.009999999999999787, 0.009999999999999787, 0.02200000000000024, 0.009999999999999787]","[-0.12013455069677785, 0.12042389210019011, 0.18031013342948418, 0.30012004801921194, 0.11990407673860656, 0.1200480192076805, 0.1200480192076805, 0.2651241262954958, 0.1200480192076805]",2023-10-28 12:43:23
MRGR,ALGO_RSI_EMA_ADX_CGPT,7,6,1,0.0430,4.1429,0.1081,0.100426813959325,0.8571428571428571,2023-10-25 20:00:00+00:00,4,RSI_EMA_ADX_CGPT_P1_L.75_AV_5M_STOCK_RESULTS,"[2023-10-13T20:10:00+00:00, 2023-10-17T19:20:00+00:00, 2023-10-17T20:10:00+00:00, 2023-10-18T20:10:00+00:00, 2023-10-20T20:00:00+00:00, 2023-10-24T13:50:00+00:00, 2023-10-25T18:35:00+00:00, 2023-10-26T13:50:00+00:00]","[2023-10-16T20:10:00+00:00, 2023-10-17T20:00:00+00:00, 2023-10-17T22:30:00+00:00, 2023-10-20T17:45:00+00:00, 2023-10-23T22:30:00+00:00, 2023-10-24T22:30:00+00:00, 2023-10-25T20:00:00+00:00]","[4.0, 1.0, 1.0, 8.0, 7.0, 6.0, 2.0]","[0.09700000000000131, 0.03999999999999915, 0.0, 0.030000000000001137, 0.04099999999999682, 0.03900000000000148, 0.054000000000002046]","[0.24381048133719066, 0.100426813959325, 0.0, 0.0754716981132104, 0.10312130586784582, 0.09813789632612349, 0.1359516616314251]",2023-10-28 12:20:48
SB,ALGO_SMA_KAMA_OBV_MFI_VWAP_CGPT,7,6,1,0.0301,1.1429,0.9591,0.9316770186335344,0.8571428571428571,2023-10-24 15:15:00+00:00,5,SMA_KAMA_OBV_MFI_VWAP_P1_L.75_AV_15M_STOCK_RESULTS,"[2023-08-25T22:30:00+00:00, 2023-08-25T23:00:00+00:00, 2023-09-18T11:15:00+00:00, 2023-09-29T11:00:00+00:00, 2023-09-29T13:30:00+00:00, 2023-10-17T13:30:00+00:00, 2023-10-24T14:45:00+00:00]","[2023-08-25T22:45:00+00:00, 2023-08-28T12:00:00+00:00, 2023-09-18T11:30:00+00:00, 2023-09-29T13:00:00+00:00, 2023-09-29T13:45:00+00:00, 2023-10-17T13:45:00+00:00, 2023-10-24T15:15:00+00:00]","[1.0, 1.0, 1.0, 1.0, 1.0, 1.0, 2.0]","[0.08000000000000007, 0.06000000000000005, 0.010000000000000231, 0.029999999999999805, -0.019000000000000128, 0.04500000000000037, 0.004999999999999893]","[2.5974025974025996, 1.9480519480519498, 0.3154574132492186, 0.9316770186335344, -0.5846153846153885, 1.3554216867469993, 0.15037593984962083]",2023-10-28 00:19:15
SKIL,ALGO_SMA_KAMA_OBV_MFI_VWAP_CGPT,8,7,1,0.0976,1.0000,0.8500,0.8892452998307065,0.875,2023-10-26 15:15:00+00:00,3,SMA_KAMA_OBV_MFI_VWAP_P1_L.75_AV_15M_STOCK_RESULTS,"[2023-08-24T18:30:00+00:00, 2023-09-05T15:00:00+00:00, 2023-09-13T14:45:00+00:00, 2023-09-19T16:30:00+00:00, 2023-09-22T18:30:00+00:00, 2023-10-02T14:15:00+00:00, 2023-10-25T22:15:00+00:00, 2023-10-26T15:00:00+00:00]","[2023-08-24T18:45:00+00:00, 2023-09-05T15:15:00+00:00, 2023-09-13T15:00:00+00:00, 2023-09-19T16:45:00+00:00, 2023-09-22T18:45:00+00:00, 2023-10-02T14:30:00+00:00, 2023-10-25T22:30:00+00:00, 2023-10-26T15:15:00+00:00]","[1.0, 1.0, 1.0, 1.0, 1.0, 1.0, 1.0, 1.0]","[0.09999999999999787, 0.020000000000000018, -0.0050000000000001155, 0.015000000000000124, 0.0010000000000000009, 0.28000000000000114, 0.3099999999999987, 0.05999999999999872]","[0.38314176245209913, 1.5384615384615397, -0.45045045045046084, 1.395348837209314, 0.10172939979654129, 1.7283950617284023, 1.7623649801023236, 0.34110289937463745]",2023-10-28 00:24:31
SLCA,ALGO_SMA_KAMA_OBV_MFI_VWAP_CGPT,8,7,1,0.0894,1.5000,0.6957,0.48017102546943363,0.875,2023-10-27 20:15:00+00:00,2,SMA_KAMA_OBV_MFI_VWAP_P1_L.75_AV_15M_STOCK_RESULTS,"[2023-08-24T21:00:00+00:00, 2023-08-28T13:30:00+00:00, 2023-09-08T15:15:00+00:00, 2023-09-27T13:45:00+00:00, 2023-09-27T14:30:00+00:00, 2023-10-25T22:30:00+00:00, 2023-10-26T12:15:00+00:00, 2023-10-27T19:15:00+00:00]","[2023-08-24T22:30:00+00:00, 2023-08-28T13:45:00+00:00, 2023-09-08T15:30:00+00:00, 2023-09-27T14:00:00+00:00, 2023-09-27T15:00:00+00:00, 2023-10-25T23:00:00+00:00, 2023-10-26T12:45:00+00:00, 2023-10-27T20:15:00+00:00]","[1.0, 1.0, 1.0, 1.0, 2.0, 1.0, 1.0, 4.0]","[0.16999999999999993, 0.16999999999999993, 0.015000000000000568, 0.20000000000000107, 0.03999999999999915, 0.0, 0.08000000000000007, 0.03999999999999915]","[1.4037985136251028, 1.3798701298701292, 0.11257035647279977, 1.4265335235378107, 0.2826855123674851, 0.0, 0.6359300476947541, 0.3244120032441131]",2023-10-28 00:24:41
AVPT,ALGO_SMA_KAMA_OBV_MFI_VWAP_CGPT,7,7,0,0.0461,1.7143,0.6928,0.22744503411676376,1.0,2023-10-04 14:00:00+00:00,25,SMA_KAMA_OBV_MFI_VWAP_P1_L.75_AV_15M_STOCK_RESULTS,"[2023-09-05T09:45:00+00:00, 2023-09-06T13:45:00+00:00, 2023-09-07T16:00:00+00:00, 2023-09-15T21:45:00+00:00, 2023-09-18T12:00:00+00:00, 2023-09-27T14:00:00+00:00, 2023-10-04T13:45:00+00:00]","[2023-09-05T12:00:00+00:00, 2023-09-06T14:00:00+00:00, 2023-09-07T17:00:00+00:00, 2023-09-15T23:15:00+00:00, 2023-09-18T12:30:00+00:00, 2023-09-27T14:45:00+00:00, 2023-10-04T14:00:00+00:00]","[1.0, 1.0, 4.0, 1.0, 1.0, 3.0, 1.0]","[0.009999999999999787, 0.004999999999999893, 0.009999999999999787, 0.17999999999999972, 0.03799999999999937, 0.0649999999999995, 0.015000000000000568]","[0.1461988304093536, 0.07272727272727117, 0.14792899408283708, 2.6825633383010388, 0.5907960199004876, 0.9818731117824698, 0.22744503411676376]",2023-10-27 22:15:30
BXC,ALGO_SMA_KAMA_OBV_MFI_VWAP_CGPT,8,7,1,0.3509,1.6250,0.4157,0.4421058132952307,0.875,2023-10-10 14:45:00+00:00,19,SMA_KAMA_OBV_MFI_VWAP_P1_L.75_AV_15M_STOCK_RESULTS,"[2023-09-01T14:15:00+00:00, 2023-09-11T12:00:00+00:00, 2023-09-11T14:00:00+00:00, 2023-09-19T13:30:00+00:00, 2023-09-19T15:15:00+00:00, 2023-09-27T14:45:00+00:00, 2023-10-06T19:30:00+00:00, 2023-10-10T14:15:00+00:00]","[2023-09-01T14:45:00+00:00, 2023-09-11T13:30:00+00:00, 2023-09-11T14:15:00+00:00, 2023-09-19T13:45:00+00:00, 2023-09-19T16:00:00+00:00, 2023-09-27T15:30:00+00:00, 2023-10-06T19:45:00+00:00, 2023-10-10T14:45:00+00:00]","[2.0, 1.0, 1.0, 1.0, 3.0, 3.0, 1.0, 1.0]","[0.37999999999999545, 1.0100000000000051, 0.01999999999999602, 0.39000000000000057, 0.5949999999999989, 0.2920000000000016, -0.45999999999999375, 0.5799999999999983]","[0.4165296503343148, 1.1968242682782382, 0.02341920374706794, 0.4676819762561465, 0.7124468658324838, 0.3496168582375498, -0.5853906846525754, 0.7442576671371721]",2023-10-27 22:25:40
MRCC,ALGO_SMA_KAMA_OBV_MFI_VWAP_CGPT,7,6,1,0.0293,1.7143,0.3980,0.3241928947723899,0.8571428571428571,2023-10-18 14:45:00+00:00,11,SMA_KAMA_OBV_MFI_VWAP_P1_L.75_AV_15M_STOCK_RESULTS,"[2023-09-07T15:00:00+00:00, 2023-09-07T17:30:00+00:00, 2023-09-22T14:45:00+00:00, 2023-10-04T15:45:00+00:00, 2023-10-10T14:00:00+00:00, 2023-10-10T15:15:00+00:00, 2023-10-18T14:30:00+00:00]","[2023-09-07T15:30:00+00:00, 2023-09-07T17:45:00+00:00, 2023-09-22T15:00:00+00:00, 2023-10-04T16:45:00+00:00, 2023-10-10T15:00:00+00:00, 2023-10-10T16:00:00+00:00, 2023-10-18T14:45:00+00:00]","[1.0, 1.0, 1.0, 4.0, 3.0, 1.0, 1.0]","[0.04900000000000038, 0.02400000000000002, -0.040000000000000036, 0.09200000000000053, 0.0699999999999994, 0.004999999999999893, 0.004999999999999893]","[0.6671204901293448, 0.3241928947723899, -0.5457025920873129, 1.2449255751014956, 0.9569377990430539, 0.06835269993164585, 0.07052186177714942]",2023-10-27 23:47:24
GMS,ALGO_SMA_KAMA_OBV_MFI_VWAP_CGPT,7,6,1,0.2457,2.0000,0.3804,0.4358655043586569,0.8571428571428571,2023-10-17 15:45:00+00:00,12,SMA_KAMA_OBV_MFI_VWAP_P1_L.75_AV_15M_STOCK_RESULTS,"[2023-08-28T13:45:00+00:00, 2023-09-20T14:00:00+00:00, 2023-09-27T14:15:00+00:00, 2023-10-04T16:00:00+00:00, 2023-10-05T13:45:00+00:00, 2023-10-17T13:45:00+00:00, 2023-10-17T15:15:00+00:00]","[2023-08-28T14:30:00+00:00, 2023-09-20T14:15:00+00:00, 2023-09-27T14:30:00+00:00, 2023-10-04T16:30:00+00:00, 2023-10-05T14:00:00+00:00, 2023-10-17T14:45:00+00:00, 2023-10-17T15:45:00+00:00]","[3.0, 1.0, 1.0, 2.0, 1.0, 4.0, 2.0]","[0.7049999999999983, -0.29000000000000625, 0.28000000000000114, 0.05000000000000426, 0.3499999999999943, 0.17500000000000426, 0.45000000000000284]","[0.9930976193830093, -0.44780728844966994, 0.4358655043586569, 0.07979572294925673, 0.5572361088998476, 0.29249540364366416, 0.7521310379408371]",2023-10-27 23:06:10
USNA,ALGO_SMA_KAMA_OBV_MFI_VWAP_CGPT,10,9,1,0.1765,1.7000,0.3029,0.18640100479561494,0.9,2023-10-27 14:45:00+00:00,2,SMA_KAMA_OBV_MFI_VWAP_P1_L.75_AV_15M_STOCK_RESULTS,"[2023-08-25T15:15:00+00:00, 2023-09-01T14:15:00+00:00, 2023-09-01T15:00:00+00:00, 2023-09-14T16:00:00+00:00, 2023-10-03T14:15:00+00:00, 2023-10-03T14:45:00+00:00, 2023-10-06T15:45:00+00:00, 2023-10-17T21:00:00+00:00, 2023-10-18T13:30:00+00:00, 2023-10-27T14:30:00+00:00]","[2023-08-25T16:00:00+00:00, 2023-09-01T14:45:00+00:00, 2023-09-01T15:30:00+00:00, 2023-09-14T16:15:00+00:00, 2023-10-03T14:30:00+00:00, 2023-10-03T15:00:00+00:00, 2023-10-06T16:15:00+00:00, 2023-10-18T12:45:00+00:00, 2023-10-18T14:00:00+00:00, 2023-10-27T14:45:00+00:00]","[3.0, 1.0, 2.0, 1.0, 1.0, 1.0, 2.0, 4.0, 1.0, 1.0]","[0.04999999999999716, 0.14000000000000057, 0.06999999999999318, 0.09499999999999886, -0.03999999999999915, 0.17999999999999972, 0.23000000000000398, 0.6300000000000026, 0.3999999999999986, 0.010000000000005116]","[0.07825950853028198, 0.21551724137931125, 0.1076757421934982, 0.15728476821191864, -0.06910850034554103, 0.31141868512110676, 0.39289374786471465, 1.1087645195353795, 0.7049700387733496, 0.021734405564018944]",2023-10-28 00:45:21
STBA,ALGO_SMA_KAMA_OBV_MFI_VWAP_CGPT,7,6,1,0.0779,1.8571,0.2905,0.2620741295394994,0.8571428571428571,2023-10-26 15:00:00+00:00,3,SMA_KAMA_OBV_MFI_VWAP_P1_L.75_AV_15M_STOCK_RESULTS,"[2023-08-28T13:45:00+00:00, 2023-09-20T13:45:00+00:00, 2023-09-27T15:15:00+00:00, 2023-10-05T14:00:00+00:00, 2023-10-05T16:30:00+00:00, 2023-10-20T15:30:00+00:00, 2023-10-26T13:45:00+00:00]","[2023-08-28T14:00:00+00:00, 2023-09-20T14:45:00+00:00, 2023-09-27T15:30:00+00:00, 2023-10-05T14:15:00+00:00, 2023-10-05T16:45:00+00:00, 2023-10-20T16:00:00+00:00, 2023-10-26T15:00:00+00:00]","[1.0, 2.0, 1.0, 1.0, 1.0, 2.0, 5.0]","[0.23000000000000043, -0.20000000000000284, 0.07000000000000028, 0.129999999999999, 0.005000000000002558, 0.030000000000001137, 0.28000000000000114]","[0.8019525801952596, -0.729394602479952, 0.2620741295394994, 0.47497259773474243, 0.018294914013913494, 0.11363636363636795, 1.0920436817472743]",2023-10-28 00:31:09
FAS,ALGO_SMA_KAMA_OBV_MFI_VWAP_CGPT,11,10,1,0.1161,1.3636,0.1862,0.2020202020202097,0.9090909090909091,2023-10-27 00:00:00+00:00,2,SMA_KAMA_OBV_MFI_VWAP_P1_L.75_AV_15M_STOCK_RESULTS,"[2023-08-29T11:00:00+00:00, 2023-09-08T14:30:00+00:00, 2023-09-18T11:30:00+00:00, 2023-09-27T08:30:00+00:00, 2023-09-28T21:30:00+00:00, 2023-10-11T09:45:00+00:00, 2023-10-12T00:00:00+00:00, 2023-10-24T09:00:00+00:00, 2023-10-24T10:00:00+00:00, 2023-10-24T11:00:00+00:00, 2023-10-26T23:30:00+00:00]","[2023-08-29T11:15:00+00:00, 2023-09-08T15:15:00+00:00, 2023-09-18T11:45:00+00:00, 2023-09-27T08:45:00+00:00, 2023-09-28T22:00:00+00:00, 2023-10-11T10:15:00+00:00, 2023-10-12T08:00:00+00:00, 2023-10-24T09:30:00+00:00, 2023-10-24T10:15:00+00:00, 2023-10-24T11:15:00+00:00, 2023-10-27T00:00:00+00:00]","[1.0, 3.0, 1.0, 1.0, 1.0, 1.0, 1.0, 2.0, 1.0, 1.0, 2.0]","[0.16899999999999693, 0.2289999999999992, 0.25900000000000034, 0.10000000000000142, 0.04999999999999716, 0.12000000000000455, 0.3400000000000034, 0.2700000000000031, 0.09999999999999432, 0.05999999999999517, -0.4200000000000017]","[0.2626099387761397, 0.35424788070045043, 0.3854568184185858, 0.16583747927031744, 0.08264462809916885, 0.2020202020202097, 0.5733558178752165, 0.5160550458715657, 0.1906577693040883, 0.11424219345010503, -0.7984790874524746]",2023-10-27 22:54:37
TCBK,ALGO_SMA_KAMA_OBV_MFI_VWAP_CGPT,7,6,1,0.0351,1.2857,0.1127,0.09457755359395062,0.8571428571428571,2023-10-19 16:00:00+00:00,10,SMA_KAMA_OBV_MFI_VWAP_P1_L.75_AV_15M_STOCK_RESULTS,"[2023-08-28T14:15:00+00:00, 2023-09-20T13:45:00+00:00, 2023-10-16T14:45:00+00:00, 2023-10-16T15:45:00+00:00, 2023-10-17T14:45:00+00:00, 2023-10-17T15:30:00+00:00, 2023-10-19T15:45:00+00:00]","[2023-08-28T14:30:00+00:00, 2023-09-20T14:00:00+00:00, 2023-10-16T15:00:00+00:00, 2023-10-16T16:15:00+00:00, 2023-10-17T15:15:00+00:00, 2023-10-17T16:00:00+00:00, 2023-10-19T16:00:00+00:00]","[1.0, 1.0, 1.0, 1.0, 2.0, 2.0, 1.0]","[-0.07900000000000063, 0.005000000000002558, 0.14499999999999957, 0.05000000000000071, 0.00999999999999801, 0.08500000000000085, 0.030000000000001137]","[-0.22625082338116284, 0.015470297029710886, 0.4553305071439773, 0.15693659761456594, 0.030883261272384218, 0.2621434078643049, 0.09457755359395062]",2023-10-28 00:35:27
CGBD,ALGO_SMA_KAMA_OBV_MFI_VWAP_CGPT,8,7,1,0.0155,1.3750,0.1094,0.17918312283082077,0.875,2023-10-26 13:45:00+00:00,3,SMA_KAMA_OBV_MFI_VWAP_P1_L.75_AV_15M_STOCK_RESULTS,"[2023-08-25T15:45:00+00:00, 2023-08-25T16:15:00+00:00, 2023-09-01T13:30:00+00:00, 2023-09-25T13:30:00+00:00, 2023-09-28T14:30:00+00:00, 2023-10-03T19:30:00+00:00, 2023-10-24T14:00:00+00:00, 2023-10-26T13:15:00+00:00]","[2023-08-25T16:00:00+00:00, 2023-08-25T16:45:00+00:00, 2023-09-01T14:00:00+00:00, 2023-09-25T13:45:00+00:00, 2023-09-28T14:45:00+00:00, 2023-10-03T19:45:00+00:00, 2023-10-24T14:15:00+00:00, 2023-10-26T13:45:00+00:00]","[1.0, 2.0, 2.0, 1.0, 1.0, 1.0, 1.0, 2.0]","[0.005000000000000782, 0.04800000000000004, 0.010000000000001563, 0.019999999999999574, 0.040000000000000924, 0.02999999999999936, -0.08900000000000041, 0.05999999999999872]","[0.03514938488576999, 0.33719704952581697, 0.06861063464838123, 0.13954786491766377, 0.2772002772002836, 0.2188183807439778, -0.6439942112879914, 0.4424778761061852]",2023-10-27 22:29:58
TSM,ALGO_SMA_KAMA_OBV_MFI_VWAP_CGPT,8,7,1,0.0899,1.2500,0.1019,0.09146201946926275,0.875,2023-10-26 13:00:00+00:00,3,SMA_KAMA_OBV_MFI_VWAP_P1_L.75_AV_15M_STOCK_RESULTS,"[2023-09-05T10:15:00+00:00, 2023-09-28T08:00:00+00:00, 2023-09-29T08:00:00+00:00, 2023-09-29T10:15:00+00:00, 2023-10-06T13:15:00+00:00, 2023-10-20T11:30:00+00:00, 2023-10-26T10:30:00+00:00, 2023-10-26T12:45:00+00:00]","[2023-09-05T10:30:00+00:00, 2023-09-28T08:15:00+00:00, 2023-09-29T08:15:00+00:00, 2023-09-29T10:30:00+00:00, 2023-10-06T13:45:00+00:00, 2023-10-20T12:00:00+00:00, 2023-10-26T10:45:00+00:00, 2023-10-26T13:00:00+00:00]","[1.0, 1.0, 1.0, 1.0, 2.0, 2.0, 1.0, 1.0]","[0.20900000000000318, 0.03999999999999204, 0.21000000000000796, 0.07000000000000739, 0.07000000000000739, -0.0799999999999983, 0.10999999999999943, 0.09000000000000341]","[0.22496340308275553, 0.04687133817669562, 0.2411575562701056, 0.0801373783629163, 0.07982666210515155, -0.08633714655730444, 0.12593016599885454, 0.10278666057560919]",2023-10-28 00:41:12
ABR,ALGO_SMA_RSI_ADX_AROON_STOCH_CGPT,7,6,1,0.1407,3.1429,0.9222,0.6426735218508974,0.8571428571428571,2023-10-17 22:00:00+00:00,12,SMA_RSI_ADX_AROON_STOCH_P1_L.75_AV_15M_STOCK_RESULTS,"[2023-08-24T23:00:00+00:00, 2023-08-25T12:15:00+00:00, 2023-08-25T23:00:00+00:00, 2023-08-28T11:00:00+00:00, 2023-09-29T21:30:00+00:00, 2023-10-12T18:15:00+00:00, 2023-10-17T20:30:00+00:00]","[2023-08-25T08:00:00+00:00, 2023-08-25T13:00:00+00:00, 2023-08-28T10:15:00+00:00, 2023-08-28T13:00:00+00:00, 2023-09-29T22:00:00+00:00, 2023-10-12T18:30:00+00:00, 2023-10-17T22:00:00+00:00]","[2.0, 3.0, 3.0, 7.0, 2.0, 1.0, 4.0]","[0.46000000000000085, 0.25, 0.009999999999999787, 0.09999999999999964, -0.040000000000000924, 0.08500000000000085, 0.11999999999999922]","[2.9792746113989694, 1.6087516087516087, 0.06430868167202435, 0.6426735218508974, -0.26281208935611644, 0.5998588567395967, 0.8230452674897066]",2023-10-28 00:59:10
