symbol,strategy_name,trades,profitable_trades,loss_trades,average_profit,average_trade_days,average_percent_profit,median_percent_profit,percent_wins,last_sale_date,last_sell_date_diff,table_name,trades_buy_dates,trades_sell_dates,trades_days,trades_profit,trades_percent,last_update,sharpe_ratio
STRA,ALGO_ADX_28,6,6,0,1.7267,10.5000,2.1740,2.009369270949953,1.0,2023-11-02 16:00:00+00:00,15,ADX_28_P1.5_L1.5_AVR_1H_STOCK_RESULTS,"[2023-09-29T20:00:00+00:00, 2023-10-04T17:00:00+00:00, 2023-10-06T17:00:00+00:00, 2023-10-25T20:00:00+00:00, 2023-10-30T17:00:00+00:00, 2023-11-01T15:00:00+00:00]","[2023-10-04T16:00:00+00:00, 2023-10-06T16:00:00+00:00, 2023-10-09T19:00:00+00:00, 2023-10-30T16:00:00+00:00, 2023-10-31T20:00:00+00:00, 2023-11-02T16:00:00+00:00]","[14.0, 11.0, 8.0, 14.0, 9.0, 7.0]","[1.7600000000000051, 1.5750000000000028, 1.0849999999999937, 1.5700000000000074, 1.2199999999999989, 3.1500000000000057]","[2.3388704318936946, 2.0424042015172184, 1.3811978868308747, 1.976334340382688, 1.5046867291563875, 3.8002171552660218]",2023-11-14 07:12:26,2.712687692253807647790971931
ALL,ALGO_ADX_28,8,8,0,2.5812,9.0000,2.1024,1.6463131010819043,1.0,2023-11-13 15:00:00+00:00,4,ADX_28_P1.5_L1.5_AVR_1H_STOCK_RESULTS,"[2023-10-10T15:00:00+00:00, 2023-10-11T16:00:00+00:00, 2023-10-13T17:00:00+00:00, 2023-10-27T16:00:00+00:00, 2023-10-30T21:00:00+00:00, 2023-10-31T17:00:00+00:00, 2023-11-01T17:00:00+00:00, 2023-11-07T19:00:00+00:00, 2023-11-13T16:00:00+00:00]","[2023-10-11T15:00:00+00:00, 2023-10-13T16:00:00+00:00, 2023-10-16T18:00:00+00:00, 2023-10-30T20:00:00+00:00, 2023-10-31T16:00:00+00:00, 2023-11-01T16:00:00+00:00, 2023-11-01T21:00:00+00:00, 2023-11-13T15:00:00+00:00]","[6.0, 13.0, 7.0, 11.0, 2.0, 5.0, 4.0, 24.0]","[0.8799999999999955, 4.8999999999999915, 2.3299999999999983, 1.980000000000004, 2.1200000000000045, 1.7499999999999858, 5.449999999999989, 1.2399999999999807]","[0.771320887019016, 4.287339224779063, 1.9361808210071452, 1.6029792746114022, 1.6896469275524066, 1.3680425265791007, 4.206869934388258, 0.9571593979158476]",2023-11-14 06:28:38,1.621534335897504787765571985
HIE,ALGO_ADX_28,6,6,0,0.1853,7.0000,1.8973,1.960024284432696,1.0,2023-11-10 18:00:00+00:00,7,ADX_28_P1.5_L1.5_AVR_1H_STOCK_RESULTS,"[2023-10-09T17:00:00+00:00, 2023-10-10T18:00:00+00:00, 2023-11-01T15:00:00+00:00, 2023-11-02T19:00:00+00:00, 2023-11-09T20:00:00+00:00, 2023-11-10T17:00:00+00:00, 2023-11-10T19:00:00+00:00]","[2023-10-10T17:00:00+00:00, 2023-10-17T16:00:00+00:00, 2023-11-02T18:00:00+00:00, 2023-11-03T16:00:00+00:00, 2023-11-10T16:00:00+00:00, 2023-11-10T18:00:00+00:00]","[6.0, 22.0, 7.0, 3.0, 3.0, 1.0]","[0.13000000000000078, 0.16300000000000026, 0.32200000000000095, 0.22499999999999964, 0.23000000000000043, 0.041999999999999815]","[1.3402061855670184, 1.6598778004073345, 3.3506763787721225, 2.2601707684580576, 2.3493360572012305, 0.4233870967741917]",2023-11-14 06:48:41,2.065828113722814677873435031
FITBP,ALGO_ADX_28,13,12,1,0.2362,6.6923,1.0387,1.128158844765343,0.9230769230769231,2023-11-13 19:00:00+00:00,4,ADX_28_P1.5_L1.5_AVR_1H_STOCK_RESULTS,"[2023-10-12T15:00:00+00:00, 2023-10-16T20:00:00+00:00, 2023-10-18T18:00:00+00:00, 2023-10-19T19:00:00+00:00, 2023-10-23T19:00:00+00:00, 2023-10-24T15:00:00+00:00, 2023-10-24T20:00:00+00:00, 2023-10-25T16:00:00+00:00, 2023-10-25T19:00:00+00:00, 2023-10-30T16:00:00+00:00, 2023-11-01T16:00:00+00:00, 2023-11-02T18:00:00+00:00, 2023-11-13T17:00:00+00:00, 2023-11-13T20:00:00+00:00]","[2023-10-16T19:00:00+00:00, 2023-10-18T16:00:00+00:00, 2023-10-19T16:00:00+00:00, 2023-10-23T18:00:00+00:00, 2023-10-23T20:00:00+00:00, 2023-10-24T19:00:00+00:00, 2023-10-25T15:00:00+00:00, 2023-10-25T18:00:00+00:00, 2023-10-30T15:00:00+00:00, 2023-10-31T20:00:00+00:00, 2023-11-02T16:00:00+00:00, 2023-11-06T21:00:00+00:00, 2023-11-13T19:00:00+00:00]","[13.0, 8.0, 4.0, 10.0, 1.0, 4.0, 1.0, 2.0, 13.0, 10.0, 6.0, 13.0, 2.0]","[0.25, 0.062000000000001165, 0.5499999999999972, 0.08500000000000085, 0.03999999999999915, 0.015000000000000568, 0.08899999999999864, 0.379999999999999, -0.018000000000000682, 0.4299999999999997, 0.46999999999999886, 0.370000000000001, 0.3470000000000013]","[1.128158844765343, 0.28107716021398665, 2.5380710659898345, 0.3838338225333071, 0.1775410563692816, 0.06613465014770323, 0.3956083033293267, 1.7109410175596533, -0.0801424755120244, 1.909413854351686, 1.9957537154989335, 1.5448851774530312, 1.4517006233527228]",2023-11-14 06:44:00,1.220643205651414346099110829
WAB,ALGO_ADX_28,6,6,0,1.8442,6.0000,1.7232,1.4461714940992483,1.0,2023-11-13 15:00:00+00:00,4,ADX_28_P1.5_L1.5_AV_1H_STOCK_RESULTS,"[2023-10-30T15:00:00+00:00, 2023-11-01T17:00:00+00:00, 2023-11-02T17:00:00+00:00, 2023-11-08T17:00:00+00:00, 2023-11-09T16:00:00+00:00, 2023-11-10T17:00:00+00:00, 2023-11-13T16:00:00+00:00]","[2023-10-31T16:00:00+00:00, 2023-11-02T16:00:00+00:00, 2023-11-03T16:00:00+00:00, 2023-11-09T15:00:00+00:00, 2023-11-10T16:00:00+00:00, 2023-11-13T15:00:00+00:00]","[7.0, 6.0, 6.0, 5.0, 7.0, 5.0]","[1.519999999999996, 4.090000000000003, 3.0799999999999983, 0.6850000000000023, 1.5949999999999989, 0.09499999999999886]","[1.4484467314655958, 3.907518868825837, 2.8285425658921834, 0.626400256046822, 1.4438962567329008, 0.08455718736092467]",2023-11-14 19:18:59,1.321821935242010395345607508
ASX,ALGO_EMA_RSI_ADX_BB_CGPT,7,7,0,0.0480,1.0000,0.6253,0.25789813023856173,1.0,2023-10-23 15:00:00+00:00,25,EMA_RSI_ADX_BB_P1.5_L.5_AVR_1H_STOCK_RESULTS,"[2023-10-13T16:00:00+00:00, 2023-10-13T18:00:00+00:00, 2023-10-13T20:00:00+00:00, 2023-10-18T17:00:00+00:00, 2023-10-18T19:00:00+00:00, 2023-10-20T15:00:00+00:00, 2023-10-20T21:00:00+00:00]","[2023-10-13T17:00:00+00:00, 2023-10-13T19:00:00+00:00, 2023-10-16T15:00:00+00:00, 2023-10-18T18:00:00+00:00, 2023-10-18T20:00:00+00:00, 2023-10-20T16:00:00+00:00, 2023-10-23T15:00:00+00:00]","[1.0, 1.0, 1.0, 1.0, 1.0, 1.0, 1.0]","[0.004999999999999893, 0.0129999999999999, 0.22999999999999954, 0.020000000000000462, 0.009999999999999787, 0.03500000000000014, 0.022999999999999687]","[0.06485084306095841, 0.16960208741030527, 3.002610966057435, 0.25789813023856173, 0.12919896640826598, 0.45219638242894233, 0.30057501306847473]",2023-11-14 22:46:42,0.6254799350980300931877501895
CALX,ALGO_EMA_RSI_ADX_BB_CGPT,6,6,0,0.2283,1.1667,0.5207,0.3906810184802496,1.0,2023-10-19 15:00:00+00:00,29,EMA_RSI_ADX_BB_P1.5_L.5_AVR_1H_STOCK_RESULTS,"[2023-10-03T16:00:00+00:00, 2023-10-03T19:00:00+00:00, 2023-10-04T15:00:00+00:00, 2023-10-12T18:00:00+00:00, 2023-10-18T16:00:00+00:00, 2023-10-18T20:00:00+00:00]","[2023-10-03T18:00:00+00:00, 2023-10-03T20:00:00+00:00, 2023-10-04T16:00:00+00:00, 2023-10-12T19:00:00+00:00, 2023-10-18T17:00:00+00:00, 2023-10-19T15:00:00+00:00]","[2.0, 1.0, 1.0, 1.0, 1.0, 1.0]","[0.1599999999999966, 0.18500000000000227, 0.25, 0.09999999999999432, 0.03999999999999915, 0.6350000000000051]","[0.3631411711302691, 0.41822086583023005, 0.5694760820045558, 0.22660321776567938, 0.09113693324219446, 1.4557542411737854]",2023-11-14 22:50:40,1.141585153972351347614549864
UTL,ALGO_EMA_RSI_ADX_BB_CGPT,6,6,0,0.1425,1.1667,0.3096,0.1975639204175836,1.0,2023-11-13 17:00:00+00:00,4,EMA_RSI_ADX_BB_P1.5_L.5_AVR_1H_STOCK_RESULTS,"[2023-10-20T20:00:00+00:00, 2023-10-27T17:00:00+00:00, 2023-10-27T19:00:00+00:00, 2023-10-30T15:00:00+00:00, 2023-10-30T17:00:00+00:00, 2023-11-13T16:00:00+00:00]","[2023-10-23T16:00:00+00:00, 2023-10-27T18:00:00+00:00, 2023-10-27T20:00:00+00:00, 2023-10-30T16:00:00+00:00, 2023-10-30T18:00:00+00:00, 2023-11-13T17:00:00+00:00]","[2.0, 1.0, 1.0, 1.0, 1.0, 1.0]","[0.2849999999999966, 0.03499999999999659, 0.06499999999999773, 0.09000000000000341, 0.0899999999999963, 0.29000000000000625]","[0.6296255384955188, 0.07593838142763416, 0.14193689267386772, 0.197889182058055, 0.19723865877711222, 0.6149279050042542]",2023-11-14 23:29:30,1.315237823838660344268723397
STIP,ALGO_EMA_RSI_ADX_BB_CGPT,8,8,0,0.1196,1.3750,0.1244,0.015487474506492597,1.0,2023-11-10 19:00:00+00:00,7,EMA_RSI_ADX_BB_P1.5_L.5_AVR_1H_STOCK_RESULTS,"[2023-10-13T15:00:00+00:00, 2023-10-17T18:00:00+00:00, 2023-10-18T16:00:00+00:00, 2023-10-25T15:00:00+00:00, 2023-10-30T21:00:00+00:00, 2023-11-09T18:00:00+00:00, 2023-11-09T20:00:00+00:00, 2023-11-10T18:00:00+00:00]","[2023-10-13T16:00:00+00:00, 2023-10-17T19:00:00+00:00, 2023-10-18T17:00:00+00:00, 2023-10-25T16:00:00+00:00, 2023-10-31T16:00:00+00:00, 2023-11-09T19:00:00+00:00, 2023-11-10T16:00:00+00:00, 2023-11-10T19:00:00+00:00]","[1.0, 1.0, 1.0, 1.0, 2.0, 1.0, 3.0, 1.0]","[0.0049999999999954525, 0.009999999999990905, 0.015000000000000568, 0.0010000000000047748, 0.8160000000000025, 0.04000000000000625, 0.05499999999999261, 0.015000000000000568]","[0.005146680391143029, 0.010327911179954458, 0.015497468746771947, 0.0010314169606254254, 0.8499203199700054, 0.041207376120331984, 0.056721497447525, 0.015477480266213248]",2023-11-14 23:25:43,0.4025243808778631361419697622
ASX,ALGO_EMA_RSI_ADX_BB_CGPT,7,7,0,0.0480,1.0000,0.6253,0.25789813023856173,1.0,2023-10-23 15:00:00+00:00,25,EMA_RSI_ADX_BB_P1.5_L1.5_AVR_1H_STOCK_RESULTS,"[2023-10-13T16:00:00+00:00, 2023-10-13T18:00:00+00:00, 2023-10-13T20:00:00+00:00, 2023-10-18T17:00:00+00:00, 2023-10-18T19:00:00+00:00, 2023-10-20T15:00:00+00:00, 2023-10-20T21:00:00+00:00]","[2023-10-13T17:00:00+00:00, 2023-10-13T19:00:00+00:00, 2023-10-16T15:00:00+00:00, 2023-10-18T18:00:00+00:00, 2023-10-18T20:00:00+00:00, 2023-10-20T16:00:00+00:00, 2023-10-23T15:00:00+00:00]","[1.0, 1.0, 1.0, 1.0, 1.0, 1.0, 1.0]","[0.004999999999999893, 0.0129999999999999, 0.22999999999999954, 0.020000000000000462, 0.009999999999999787, 0.03500000000000014, 0.022999999999999687]","[0.06485084306095841, 0.16960208741030527, 3.002610966057435, 0.25789813023856173, 0.12919896640826598, 0.45219638242894233, 0.30057501306847473]",2023-11-14 10:46:52,0.6254799350980300931877501895
CALX,ALGO_EMA_RSI_ADX_BB_CGPT,6,6,0,0.2283,1.1667,0.5207,0.3906810184802496,1.0,2023-10-19 15:00:00+00:00,29,EMA_RSI_ADX_BB_P1.5_L1.5_AVR_1H_STOCK_RESULTS,"[2023-10-03T16:00:00+00:00, 2023-10-03T19:00:00+00:00, 2023-10-04T15:00:00+00:00, 2023-10-12T18:00:00+00:00, 2023-10-18T16:00:00+00:00, 2023-10-18T20:00:00+00:00]","[2023-10-03T18:00:00+00:00, 2023-10-03T20:00:00+00:00, 2023-10-04T16:00:00+00:00, 2023-10-12T19:00:00+00:00, 2023-10-18T17:00:00+00:00, 2023-10-19T15:00:00+00:00]","[2.0, 1.0, 1.0, 1.0, 1.0, 1.0]","[0.1599999999999966, 0.18500000000000227, 0.25, 0.09999999999999432, 0.03999999999999915, 0.6350000000000051]","[0.3631411711302691, 0.41822086583023005, 0.5694760820045558, 0.22660321776567938, 0.09113693324219446, 1.4557542411737854]",2023-11-14 10:51:01,1.141585153972351347614549864
BANC,ALGO_EMA_RSI_ADX_BB_CGPT,6,6,0,0.0417,1.5000,0.3392,0.2451994596720362,1.0,2023-11-09 17:00:00+00:00,8,EMA_RSI_ADX_BB_P1.5_L1.5_AVR_1H_STOCK_RESULTS,"[2023-10-13T18:00:00+00:00, 2023-10-16T19:00:00+00:00, 2023-10-19T15:00:00+00:00, 2023-10-20T16:00:00+00:00, 2023-11-08T16:00:00+00:00, 2023-11-09T16:00:00+00:00]","[2023-10-13T19:00:00+00:00, 2023-10-16T20:00:00+00:00, 2023-10-19T16:00:00+00:00, 2023-10-20T18:00:00+00:00, 2023-11-08T19:00:00+00:00, 2023-11-09T17:00:00+00:00]","[1.0, 1.0, 1.0, 2.0, 3.0, 1.0]","[0.14000000000000057, 0.03999999999999915, 0.03999999999999915, 0.004999999999999005, 0.004999999999999005, 0.019999999999999574]","[1.1345218800648345, 0.32493907392363236, 0.31872509960158685, 0.04266211604094714, 0.04258943781941231, 0.1716738197424856]",2023-11-14 10:47:48,0.8710923885152877356533877404
UTL,ALGO_EMA_RSI_ADX_BB_CGPT,6,6,0,0.1425,1.1667,0.3096,0.1975639204175836,1.0,2023-11-13 17:00:00+00:00,4,EMA_RSI_ADX_BB_P1.5_L1.5_AVR_1H_STOCK_RESULTS,"[2023-10-20T20:00:00+00:00, 2023-10-27T17:00:00+00:00, 2023-10-27T19:00:00+00:00, 2023-10-30T15:00:00+00:00, 2023-10-30T17:00:00+00:00, 2023-11-13T16:00:00+00:00]","[2023-10-23T16:00:00+00:00, 2023-10-27T18:00:00+00:00, 2023-10-27T20:00:00+00:00, 2023-10-30T16:00:00+00:00, 2023-10-30T18:00:00+00:00, 2023-11-13T17:00:00+00:00]","[2.0, 1.0, 1.0, 1.0, 1.0, 1.0]","[0.2849999999999966, 0.03499999999999659, 0.06499999999999773, 0.09000000000000341, 0.0899999999999963, 0.29000000000000625]","[0.6296255384955188, 0.07593838142763416, 0.14193689267386772, 0.197889182058055, 0.19723865877711222, 0.6149279050042542]",2023-11-14 11:29:25,1.315237823838660344268723397
STIP,ALGO_EMA_RSI_ADX_BB_CGPT,8,8,0,0.1196,1.3750,0.1244,0.015487474506492597,1.0,2023-11-10 19:00:00+00:00,7,EMA_RSI_ADX_BB_P1.5_L1.5_AVR_1H_STOCK_RESULTS,"[2023-10-13T15:00:00+00:00, 2023-10-17T18:00:00+00:00, 2023-10-18T16:00:00+00:00, 2023-10-25T15:00:00+00:00, 2023-10-30T21:00:00+00:00, 2023-11-09T18:00:00+00:00, 2023-11-09T20:00:00+00:00, 2023-11-10T18:00:00+00:00]","[2023-10-13T16:00:00+00:00, 2023-10-17T19:00:00+00:00, 2023-10-18T17:00:00+00:00, 2023-10-25T16:00:00+00:00, 2023-10-31T16:00:00+00:00, 2023-11-09T19:00:00+00:00, 2023-11-10T16:00:00+00:00, 2023-11-10T19:00:00+00:00]","[1.0, 1.0, 1.0, 1.0, 2.0, 1.0, 3.0, 1.0]","[0.0049999999999954525, 0.009999999999990905, 0.015000000000000568, 0.0010000000000047748, 0.8160000000000025, 0.04000000000000625, 0.05499999999999261, 0.015000000000000568]","[0.005146680391143029, 0.010327911179954458, 0.015497468746771947, 0.0010314169606254254, 0.8499203199700054, 0.041207376120331984, 0.056721497447525, 0.015477480266213248]",2023-11-14 11:25:35,0.4025243808778631361419697622
HBB,ALGO_EMA_RSI_ADX_BB_CGPT,6,6,0,0.0977,1.3333,0.7869,0.9012482449253962,1.0,2023-11-10 17:00:00+00:00,7,EMA_RSI_ADX_BB_P1_L.75_AV_1H_STOCK_RESULTS,"[2023-09-19T13:00:00+00:00, 2023-09-26T19:00:00+00:00, 2023-10-03T12:00:00+00:00, 2023-10-24T20:00:00+00:00, 2023-10-31T18:00:00+00:00, 2023-11-10T16:00:00+00:00]","[2023-09-19T15:00:00+00:00, 2023-09-26T20:00:00+00:00, 2023-10-03T13:00:00+00:00, 2023-10-25T17:00:00+00:00, 2023-10-31T19:00:00+00:00, 2023-11-10T17:00:00+00:00]","[1.0, 1.0, 1.0, 3.0, 1.0, 1.0]","[0.08999999999999986, 0.054999999999999716, 0.16000000000000014, 0.13000000000000078, 0.006000000000000227, 0.14499999999999957]","[0.7137192704203003, 0.4471544715447131, 1.2861736334405156, 1.0887772194304923, 0.048606610499029715, 1.1368090944727525]",2023-11-13 23:05:58,1.782388921251025117557063047
SAFT,ALGO_EMA_RSI_ADX_BB_CGPT,6,6,0,0.4532,1.3333,0.6237,0.6569312172155877,1.0,2023-11-10 22:00:00+00:00,6,EMA_RSI_ADX_BB_P1_L.75_AV_1H_STOCK_RESULTS,"[2023-09-27T17:00:00+00:00, 2023-09-28T20:00:00+00:00, 2023-10-12T14:00:00+00:00, 2023-10-27T18:00:00+00:00, 2023-11-09T20:00:00+00:00, 2023-11-10T21:00:00+00:00]","[2023-09-27T19:00:00+00:00, 2023-09-29T13:00:00+00:00, 2023-10-12T15:00:00+00:00, 2023-10-27T20:00:00+00:00, 2023-11-09T21:00:00+00:00, 2023-11-10T22:00:00+00:00]","[2.0, 1.0, 1.0, 2.0, 1.0, 1.0]","[0.6450000000000102, 0.25, 0.1839999999999975, 0.4200000000000017, 0.5700000000000074, 0.6500000000000057]","[0.9428446133606349, 0.3655505190817371, 0.2652825836216804, 0.565732758620692, 0.7481296758104835, 0.8544761403970104]",2023-11-13 23:23:46,2.459004148068197432613449478
CMI,ALGO_EMA_RSI_ADX_BB_CGPT,6,6,0,0.7650,1.0000,0.3318,0.31605062094005043,1.0,2023-11-06 22:00:00+00:00,10,EMA_RSI_ADX_BB_P1_L.75_AV_1H_STOCK_RESULTS,"[2023-09-07T15:00:00+00:00, 2023-09-13T19:00:00+00:00, 2023-09-19T15:00:00+00:00, 2023-09-20T20:00:00+00:00, 2023-11-06T19:00:00+00:00, 2023-11-06T21:00:00+00:00]","[2023-09-07T16:00:00+00:00, 2023-09-13T20:00:00+00:00, 2023-09-19T16:00:00+00:00, 2023-09-20T22:00:00+00:00, 2023-11-06T20:00:00+00:00, 2023-11-06T22:00:00+00:00]","[1.0, 1.0, 1.0, 1.0, 1.0, 1.0]","[0.9699999999999989, 1.4499999999999886, 1.115000000000009, 0.17000000000001592, 0.41499999999999204, 0.46999999999999886]","[0.41845516705851854, 0.6244347788639544, 0.47302886960948987, 0.07307741907751189, 0.1882940108892886, 0.2136460748215823]",2023-11-13 22:54:13,1.681614312061031062715228999
PUK,ALGO_EMA_RSI_ADX_BB_CGPT,6,6,0,0.0675,1.1667,0.3116,0.16092403007876235,1.0,2023-11-10 17:00:00+00:00,7,EMA_RSI_ADX_BB_P1_L.75_AV_1H_STOCK_RESULTS,"[2023-10-12T18:00:00+00:00, 2023-10-12T20:00:00+00:00, 2023-10-13T12:00:00+00:00, 2023-10-13T15:00:00+00:00, 2023-10-17T10:00:00+00:00, 2023-11-10T16:00:00+00:00]","[2023-10-12T19:00:00+00:00, 2023-10-12T22:00:00+00:00, 2023-10-13T14:00:00+00:00, 2023-10-13T16:00:00+00:00, 2023-10-17T11:00:00+00:00, 2023-11-10T17:00:00+00:00]","[1.0, 1.0, 2.0, 1.0, 1.0, 1.0]","[0.030000000000001137, 0.00999999999999801, 0.16000000000000014, 0.03999999999999915, 0.020000000000003126, 0.14499999999999957]","[0.1361470388019112, 0.045248868778271535, 0.7369875633348694, 0.1857010213556135, 0.09237875288685048, 0.6733224982586468]",2023-11-13 23:21:06,1.055789404960451853233593258
ENVX,ALGO_KAMA_STOCHRSI_VWAP_CGPT,11,10,1,0.1300,1.4545,1.2259,1.179775280898881,0.9090909090909091,2023-11-09 10:00:00+00:00,8,KAMA_STOCHRSI_VWAP_P1_L.75_AV_1H_STOCK_RESULTS,"[2023-09-28T23:00:00+00:00, 2023-09-29T10:00:00+00:00, 2023-10-09T17:00:00+00:00, 2023-10-11T16:00:00+00:00, 2023-10-17T14:00:00+00:00, 2023-11-01T15:00:00+00:00, 2023-11-03T12:00:00+00:00, 2023-11-03T18:00:00+00:00, 2023-11-06T10:00:00+00:00, 2023-11-06T12:00:00+00:00, 2023-11-08T23:00:00+00:00]","[2023-09-29T09:00:00+00:00, 2023-09-29T13:00:00+00:00, 2023-10-09T18:00:00+00:00, 2023-10-11T17:00:00+00:00, 2023-10-17T15:00:00+00:00, 2023-11-01T16:00:00+00:00, 2023-11-03T13:00:00+00:00, 2023-11-03T19:00:00+00:00, 2023-11-06T11:00:00+00:00, 2023-11-06T13:00:00+00:00, 2023-11-09T10:00:00+00:00]","[2.0, 3.0, 1.0, 1.0, 1.0, 1.0, 1.0, 1.0, 1.0, 1.0, 3.0]","[0.040000000000000924, 0.16000000000000014, 0.23000000000000043, 0.14499999999999957, 0.3949999999999996, 0.10500000000000043, 0.26000000000000156, 0.09499999999999886, 0.08000000000000007, -0.09999999999999964, 0.019999999999999574]","[0.31347962382445865, 1.2470771628994555, 2.2896963663514227, 1.3175829168559705, 3.731695795937643, 1.179775280898881, 2.5490196078431526, 0.8667883211678727, 0.7497656982193072, -0.9302325581395315, 0.1702127659574432]",2023-11-14 03:20:38,1.001142841487449904614961248
SNPS,ALGO_KAMA_STOCHRSI_VWAP_CGPT,8,8,0,3.5385,3.7500,0.7215,0.7423938209358394,1.0,2023-11-13 20:00:00+00:00,4,KAMA_STOCHRSI_VWAP_P1_L.75_AV_1H_STOCK_RESULTS,"[2023-10-09T15:00:00+00:00, 2023-10-11T10:00:00+00:00, 2023-10-11T19:00:00+00:00, 2023-10-13T13:00:00+00:00, 2023-11-02T18:00:00+00:00, 2023-11-06T21:00:00+00:00, 2023-11-08T11:00:00+00:00, 2023-11-13T16:00:00+00:00]","[2023-10-09T18:00:00+00:00, 2023-10-11T13:00:00+00:00, 2023-10-12T11:00:00+00:00, 2023-10-13T14:00:00+00:00, 2023-11-03T11:00:00+00:00, 2023-11-06T23:00:00+00:00, 2023-11-08T14:00:00+00:00, 2023-11-13T20:00:00+00:00]","[3.0, 3.0, 7.0, 1.0, 7.0, 2.0, 3.0, 4.0]","[7.439999999999998, 3.6000000000000227, 3.7100000000000364, 0.11000000000001364, 4.160000000000025, 0.06999999999999318, 3.5500000000000114, 5.668000000000006]","[1.572190818321094, 0.7340946166394827, 0.7506930252321962, 0.022132351461743957, 0.8724100327153814, 0.014287755393626268, 0.7136395617650038, 1.0922432997001548]",2023-11-14 03:48:02,1.462020007302761953775058374
CELH,ALGO_KAMA_STOCHRSI_VWAP_CGPT,11,10,1,1.0918,1.5455,0.6299,0.46511627906976744,0.9090909090909091,2023-11-10 12:00:00+00:00,7,KAMA_STOCHRSI_VWAP_P1_L.75_AV_1H_STOCK_RESULTS,"[2023-09-07T13:00:00+00:00, 2023-09-29T12:00:00+00:00, 2023-10-04T11:00:00+00:00, 2023-10-18T13:00:00+00:00, 2023-10-18T17:00:00+00:00, 2023-10-19T11:00:00+00:00, 2023-10-20T12:00:00+00:00, 2023-10-23T12:00:00+00:00, 2023-11-03T22:00:00+00:00, 2023-11-06T09:00:00+00:00, 2023-11-10T11:00:00+00:00]","[2023-09-07T14:00:00+00:00, 2023-09-29T13:00:00+00:00, 2023-10-04T12:00:00+00:00, 2023-10-18T14:00:00+00:00, 2023-10-18T19:00:00+00:00, 2023-10-19T13:00:00+00:00, 2023-10-20T13:00:00+00:00, 2023-10-23T13:00:00+00:00, 2023-11-03T23:00:00+00:00, 2023-11-06T14:00:00+00:00, 2023-11-10T12:00:00+00:00]","[1.0, 1.0, 1.0, 1.0, 2.0, 2.0, 1.0, 1.0, 1.0, 5.0, 1.0]","[0.5600000000000023, 1.009999999999991, 0.75, 0.6999999999999886, 1.1500000000000057, 0.410000000000025, -0.22999999999998977, 1.6100000000000136, 1.0, 4.5, 0.5500000000000114]","[0.28120919955810103, 0.5804597701149373, 0.46511627906976744, 0.40462427745664087, 0.6662804171494818, 0.23809523809525265, -0.1348973607038063, 0.9976453092080888, 0.5714285714285714, 2.5423728813559325, 0.31709426347651276]",2023-11-14 03:14:31,0.9292750831946531970136519186
MGC,ALGO_KAMA_STOCHRSI_VWAP_CGPT,6,6,0,0.6207,4.1667,0.4063,0.249979830386158,1.0,2023-11-06 23:00:00+00:00,10,KAMA_STOCHRSI_VWAP_P1_L.75_AV_1H_STOCK_RESULTS,"[2023-09-18T15:00:00+00:00, 2023-10-11T19:00:00+00:00, 2023-11-01T14:00:00+00:00, 2023-11-02T13:00:00+00:00, 2023-11-04T00:00:00+00:00, 2023-11-06T20:00:00+00:00]","[2023-09-18T18:00:00+00:00, 2023-10-11T22:00:00+00:00, 2023-11-01T22:00:00+00:00, 2023-11-02T22:00:00+00:00, 2023-11-06T15:00:00+00:00, 2023-11-06T23:00:00+00:00]","[3.0, 2.0, 7.0, 8.0, 3.0, 2.0]","[0.27899999999999636, 0.46000000000000796, 1.1200000000000045, 1.3600000000000136, 0.3149999999999977, 0.18999999999999773]","[0.17689576464620616, 0.2968124919344483, 0.7468160298726443, 0.8920957691046335, 0.20314716883786774, 0.12228085982751817]",2023-11-14 03:35:11,1.310264293358385211349543715
NU,ALGO_RSI_EMA_ADX_CGPT,11,10,1,0.1141,1.5455,1.3948,1.0191846522781878,0.9090909090909091,2023-11-10 16:00:00+00:00,7,RSI_EMA_ADX_CGPT_P1.5_L.5_AVR_1H_STOCK_RESULTS,"[2023-10-27T19:00:00+00:00, 2023-10-27T21:00:00+00:00, 2023-11-02T16:00:00+00:00, 2023-11-02T18:00:00+00:00, 2023-11-02T21:00:00+00:00, 2023-11-06T19:00:00+00:00, 2023-11-06T21:00:00+00:00, 2023-11-08T16:00:00+00:00, 2023-11-08T18:00:00+00:00, 2023-11-09T19:00:00+00:00, 2023-11-09T21:00:00+00:00]","[2023-10-27T20:00:00+00:00, 2023-10-30T16:00:00+00:00, 2023-11-02T17:00:00+00:00, 2023-11-02T19:00:00+00:00, 2023-11-03T15:00:00+00:00, 2023-11-06T20:00:00+00:00, 2023-11-07T15:00:00+00:00, 2023-11-08T17:00:00+00:00, 2023-11-09T16:00:00+00:00, 2023-11-09T20:00:00+00:00, 2023-11-10T16:00:00+00:00]","[1.0, 2.0, 1.0, 1.0, 1.0, 1.0, 1.0, 1.0, 5.0, 1.0, 2.0]","[0.004999999999999005, 0.08500000000000085, 0.07500000000000107, 0.030000000000001137, 0.4250000000000007, 0.03999999999999915, 0.17499999999999893, 0.120000000000001, 0.08500000000000085, -0.07000000000000028, 0.28500000000000014]","[0.06238303181533381, 1.0598503740648486, 0.925925925925939, 0.3678724708767767, 5.259900990099019, 0.48076923076922046, 2.1033653846153717, 1.4554275318374894, 1.0191846522781878, -0.8383233532934166, 3.446191051995165]",2023-11-14 19:55:01,0.8537835757084926372106034878
SCHO,ALGO_RSI_EMA_ADX_CGPT,7,7,0,0.0753,6.8571,0.1578,0.12547051442911392,1.0,2023-11-13 21:00:00+00:00,3,RSI_EMA_ADX_CGPT_P1.5_L.5_AVR_1H_STOCK_RESULTS,"[2023-10-02T16:00:00+00:00, 2023-10-03T16:00:00+00:00, 2023-10-17T16:00:00+00:00, 2023-10-19T18:00:00+00:00, 2023-10-25T17:00:00+00:00, 2023-10-31T15:00:00+00:00, 2023-11-10T20:00:00+00:00]","[2023-10-02T21:00:00+00:00, 2023-10-04T16:00:00+00:00, 2023-10-19T17:00:00+00:00, 2023-10-19T19:00:00+00:00, 2023-10-26T16:00:00+00:00, 2023-11-01T19:00:00+00:00, 2023-11-13T21:00:00+00:00]","[5.0, 6.0, 13.0, 1.0, 5.0, 10.0, 8.0]","[0.259999999999998, 0.06499999999999773, 0.028000000000005798, 0.01099999999999568, 0.060000000000002274, 0.0799999999999983, 0.022999999999996135]","[0.5453020134228146, 0.1363684044896627, 0.05866700190668971, 0.023037131667669856, 0.12547051442911392, 0.16757436112274465, 0.04807993812320198]",2023-11-14 20:02:32,0.8698339357555769803749210142
AVTA,ALGO_RSI_EMA_ADX_CGPT,8,8,0,0.0319,3.2500,0.1244,0.07822431044704273,1.0,2023-10-26 16:00:00+00:00,22,RSI_EMA_ADX_CGPT_P1.5_L.5_AVR_1H_STOCK_RESULTS,"[2023-10-09T15:00:00+00:00, 2023-10-09T20:00:00+00:00, 2023-10-12T16:00:00+00:00, 2023-10-16T16:00:00+00:00, 2023-10-23T15:00:00+00:00, 2023-10-24T15:00:00+00:00, 2023-10-24T17:00:00+00:00, 2023-10-26T15:00:00+00:00]","[2023-10-09T18:00:00+00:00, 2023-10-10T16:00:00+00:00, 2023-10-13T16:00:00+00:00, 2023-10-17T16:00:00+00:00, 2023-10-23T16:00:00+00:00, 2023-10-24T16:00:00+00:00, 2023-10-25T16:00:00+00:00, 2023-10-26T16:00:00+00:00]","[3.0, 2.0, 6.0, 7.0, 1.0, 1.0, 5.0, 1.0]","[0.029999999999997584, 0.010000000000001563, 0.08999999999999986, 0.06499999999999773, 0.004999999999999005, 0.010000000000001563, 0.00999999999999801, 0.03500000000000014]","[0.11734793663210476, 0.0391006842619807, 0.35142522452167063, 0.2535101404056073, 0.01945525291828407, 0.03891050583658196, 0.03892565200466333, 0.1361602801011482]",2023-11-14 19:25:54,0.9823829973630686719901815095
ARMK,ALGO_RSI_EMA_ADX_CGPT,14,14,0,0.9039,2.7857,3.4104,0.3669468541163266,1.0,2023-11-10 15:00:00+00:00,7,RSI_EMA_ADX_CGPT_P1.5_L1.5_AVR_1H_STOCK_RESULTS,"[2023-10-19T15:00:00+00:00, 2023-10-19T20:00:00+00:00, 2023-10-20T19:00:00+00:00, 2023-10-23T18:00:00+00:00, 2023-10-24T16:00:00+00:00, 2023-10-26T20:00:00+00:00, 2023-10-27T18:00:00+00:00, 2023-10-30T19:00:00+00:00, 2023-11-01T17:00:00+00:00, 2023-11-07T15:00:00+00:00, 2023-11-08T18:00:00+00:00, 2023-11-08T20:00:00+00:00, 2023-11-09T15:00:00+00:00, 2023-11-09T20:00:00+00:00]","[2023-10-19T16:00:00+00:00, 2023-10-20T16:00:00+00:00, 2023-10-23T15:00:00+00:00, 2023-10-23T21:00:00+00:00, 2023-10-26T16:00:00+00:00, 2023-10-27T16:00:00+00:00, 2023-10-30T18:00:00+00:00, 2023-10-30T20:00:00+00:00, 2023-11-01T18:00:00+00:00, 2023-11-07T16:00:00+00:00, 2023-11-08T19:00:00+00:00, 2023-11-08T21:00:00+00:00, 2023-11-09T16:00:00+00:00, 2023-11-10T15:00:00+00:00]","[1.0, 3.0, 2.0, 3.0, 13.0, 2.0, 7.0, 1.0, 1.0, 1.0, 1.0, 1.0, 1.0, 2.0]","[0.20500000000000185, 0.09499999999999886, 0.030000000000001137, 10.750000000000004, 0.6600000000000001, 0.09999999999999787, 0.10500000000000043, 0.05000000000000071, 0.14000000000000057, 0.2799999999999976, 0.08000000000000185, 0.05999999999999872, 0.06500000000000128, 0.03500000000000014]","[0.776074200265008, 0.359712230215823, 0.11333585190782447, 40.64272211720228, 2.5090287017677255, 0.3741814780168302, 0.3939223410241997, 0.18726591760299893, 0.5223880597014946, 1.0079193664506751, 0.286944045911054, 0.2154011847065113, 0.23156394727467502, 0.1257861635220131]",2023-11-14 07:23:38,0.3283816188964782816217354604
NU,ALGO_RSI_EMA_ADX_CGPT,10,10,0,0.1245,1.8000,1.5190,1.0395175131715182,1.0,2023-11-10 16:00:00+00:00,7,RSI_EMA_ADX_CGPT_P1.5_L1.5_AVR_1H_STOCK_RESULTS,"[2023-10-27T19:00:00+00:00, 2023-10-27T21:00:00+00:00, 2023-11-02T16:00:00+00:00, 2023-11-02T18:00:00+00:00, 2023-11-02T21:00:00+00:00, 2023-11-06T19:00:00+00:00, 2023-11-06T21:00:00+00:00, 2023-11-08T16:00:00+00:00, 2023-11-08T18:00:00+00:00, 2023-11-09T19:00:00+00:00]","[2023-10-27T20:00:00+00:00, 2023-10-30T16:00:00+00:00, 2023-11-02T17:00:00+00:00, 2023-11-02T19:00:00+00:00, 2023-11-03T15:00:00+00:00, 2023-11-06T20:00:00+00:00, 2023-11-07T15:00:00+00:00, 2023-11-08T17:00:00+00:00, 2023-11-09T16:00:00+00:00, 2023-11-10T16:00:00+00:00]","[1.0, 2.0, 1.0, 1.0, 1.0, 1.0, 1.0, 1.0, 5.0, 4.0]","[0.004999999999999005, 0.08500000000000085, 0.07500000000000107, 0.030000000000001137, 0.4250000000000007, 0.03999999999999915, 0.17499999999999893, 0.120000000000001, 0.08500000000000085, 0.20500000000000007]","[0.06238303181533381, 1.0598503740648486, 0.925925925925939, 0.3678724708767767, 5.259900990099019, 0.48076923076922046, 2.1033653846153717, 1.4554275318374894, 1.0191846522781878, 2.4550898203592824]",2023-11-14 07:52:35,1.049892738506163566902745995
NETI,ALGO_RSI_EMA_ADX_CGPT,6,6,0,0.0900,4.1667,0.9049,0.6030199383673664,1.0,2023-11-09 16:00:00+00:00,8,RSI_EMA_ADX_CGPT_P1.5_L1.5_AVR_1H_STOCK_RESULTS,"[2023-10-30T16:00:00+00:00, 2023-11-01T16:00:00+00:00, 2023-11-02T17:00:00+00:00, 2023-11-03T18:00:00+00:00, 2023-11-08T19:00:00+00:00, 2023-11-08T21:00:00+00:00, 2023-11-10T16:00:00+00:00]","[2023-10-31T16:00:00+00:00, 2023-11-02T16:00:00+00:00, 2023-11-02T18:00:00+00:00, 2023-11-06T20:00:00+00:00, 2023-11-08T20:00:00+00:00, 2023-11-09T16:00:00+00:00]","[6.0, 6.0, 1.0, 9.0, 1.0, 2.0]","[0.1899999999999995, 0.03999999999999915, 0.019999999999999574, 0.08000000000000007, 0.009999999999999787, 0.1999999999999993]","[1.923076923076918, 0.4004004004003919, 0.20020020020019594, 0.8056394763343411, 0.09985022466300335, 1.9999999999999927]",2023-11-14 07:51:39,1.143220306151397870509009041
PHI,ALGO_RSI_EMA_ADX_CGPT,9,9,0,0.1876,3.2222,0.8795,0.651162790697677,1.0,2023-11-10 16:00:00+00:00,7,RSI_EMA_ADX_CGPT_P1.5_L1.5_AVR_1H_STOCK_RESULTS,"[2023-10-03T20:00:00+00:00, 2023-10-20T15:00:00+00:00, 2023-10-20T20:00:00+00:00, 2023-10-23T18:00:00+00:00, 2023-10-26T16:00:00+00:00, 2023-10-27T16:00:00+00:00, 2023-10-30T19:00:00+00:00, 2023-11-09T16:00:00+00:00, 2023-11-09T19:00:00+00:00, 2023-11-13T17:00:00+00:00]","[2023-10-04T15:00:00+00:00, 2023-10-20T17:00:00+00:00, 2023-10-23T17:00:00+00:00, 2023-10-24T16:00:00+00:00, 2023-10-26T17:00:00+00:00, 2023-10-30T18:00:00+00:00, 2023-10-31T17:00:00+00:00, 2023-11-09T18:00:00+00:00, 2023-11-10T16:00:00+00:00]","[1.0, 2.0, 3.0, 4.0, 1.0, 8.0, 4.0, 2.0, 4.0]","[0.46000000000000085, 0.17999999999999972, 0.14000000000000057, 0.3500000000000014, 0.10999999999999943, 0.14999999999999858, 0.038999999999997925, 0.120000000000001, 0.13899999999999935]","[2.2482893450635424, 0.8383791336748939, 0.651162790697677, 1.6301816488123029, 0.5076142131979668, 0.6967022758940946, 0.17988100179880043, 0.5388414907947957, 0.6246910251224634]",2023-11-14 07:55:37,1.422572463676977999245802038
EAT,ALGO_RSI_EMA_ADX_CGPT,11,10,1,0.2857,3.6364,0.8653,0.642464111155523,0.9090909090909091,2023-11-13 21:00:00+00:00,3,RSI_EMA_ADX_CGPT_P1.5_L1.5_AVR_1H_STOCK_RESULTS,"[2023-10-19T15:00:00+00:00, 2023-10-23T20:00:00+00:00, 2023-10-24T17:00:00+00:00, 2023-10-26T17:00:00+00:00, 2023-10-27T18:00:00+00:00, 2023-11-02T17:00:00+00:00, 2023-11-08T18:00:00+00:00, 2023-11-09T19:00:00+00:00, 2023-11-10T17:00:00+00:00, 2023-11-10T21:00:00+00:00, 2023-11-13T19:00:00+00:00]","[2023-10-19T16:00:00+00:00, 2023-10-24T16:00:00+00:00, 2023-10-26T16:00:00+00:00, 2023-10-26T19:00:00+00:00, 2023-10-27T20:00:00+00:00, 2023-11-02T20:00:00+00:00, 2023-11-09T16:00:00+00:00, 2023-11-10T16:00:00+00:00, 2023-11-10T20:00:00+00:00, 2023-11-13T18:00:00+00:00, 2023-11-13T21:00:00+00:00]","[1.0, 2.0, 12.0, 2.0, 2.0, 3.0, 5.0, 4.0, 3.0, 4.0, 2.0]","[0.5399999999999991, 0.20900000000000318, 0.05999999999999517, 0.8449999999999989, 0.1700000000000017, 0.269999999999996, 0.519999999999996, -0.10000000000000142, 0.48400000000000176, 0.0449999999999946, 0.10000000000000142]","[1.620648259303719, 0.642464111155523, 0.18547140649148428, 2.636916835699793, 0.5217925107427922, 0.8038106579338968, 1.543026706231442, -0.2961208172934599, 1.433012583271656, 0.1325478645066115, 0.2948982601002696]",2023-11-14 07:34:01,1.042719829301524053182695912
GABC,ALGO_RSI_EMA_ADX_CGPT,6,6,0,0.1915,2.6667,0.6975,0.7146942953481983,1.0,2023-11-10 18:00:00+00:00,7,RSI_EMA_ADX_CGPT_P1.5_L1.5_AVR_1H_STOCK_RESULTS,"[2023-11-01T16:00:00+00:00, 2023-11-02T18:00:00+00:00, 2023-11-07T17:00:00+00:00, 2023-11-08T16:00:00+00:00, 2023-11-09T19:00:00+00:00, 2023-11-10T16:00:00+00:00]","[2023-11-02T16:00:00+00:00, 2023-11-02T19:00:00+00:00, 2023-11-07T19:00:00+00:00, 2023-11-08T19:00:00+00:00, 2023-11-09T21:00:00+00:00, 2023-11-10T18:00:00+00:00]","[6.0, 1.0, 2.0, 3.0, 2.0, 2.0]","[0.19000000000000128, 0.10000000000000142, 0.08400000000000318, 0.25, 0.1999999999999993, 0.3249999999999993]","[0.7068452380952429, 0.3705075954057111, 0.3031615417929955, 0.9085953116481919, 0.7225433526011535, 1.1734970211229439]",2023-11-14 07:39:12,2.291232394768569947849694062
UVSP,ALGO_RSI_EMA_ADX_CGPT,6,6,0,0.1020,3.0000,0.5846,0.5204608051020571,1.0,2023-11-13 21:00:00+00:00,3,RSI_EMA_ADX_CGPT_P1.5_L1.5_AVR_1H_STOCK_RESULTS,"[2023-11-07T16:00:00+00:00, 2023-11-08T16:00:00+00:00, 2023-11-09T16:00:00+00:00, 2023-11-09T19:00:00+00:00, 2023-11-13T16:00:00+00:00, 2023-11-13T20:00:00+00:00]","[2023-11-07T19:00:00+00:00, 2023-11-09T15:00:00+00:00, 2023-11-09T17:00:00+00:00, 2023-11-10T18:00:00+00:00, 2023-11-13T17:00:00+00:00, 2023-11-13T21:00:00+00:00]","[3.0, 6.0, 1.0, 6.0, 1.0, 1.0]","[0.120000000000001, 0.010000000000001563, 0.030000000000001137, 0.2699999999999996, 0.11200000000000188, 0.07000000000000028]","[0.6841505131128905, 0.05714285714286607, 0.1703577512776896, 1.5552995391705045, 0.641833810888263, 0.39908779931585114]",2023-11-14 08:07:06,1.165351607496448382247014438
CL,ALGO_RSI_EMA_ADX_CGPT,9,9,0,0.3250,2.8889,0.4449,0.4209260372820364,1.0,2023-11-13 16:00:00+00:00,4,RSI_EMA_ADX_CGPT_P1.5_L1.5_AVR_1H_STOCK_RESULTS,"[2023-10-23T16:00:00+00:00, 2023-10-23T18:00:00+00:00, 2023-10-24T18:00:00+00:00, 2023-10-25T15:00:00+00:00, 2023-10-27T16:00:00+00:00, 2023-11-08T18:00:00+00:00, 2023-11-09T16:00:00+00:00, 2023-11-10T16:00:00+00:00, 2023-11-13T15:00:00+00:00]","[2023-10-23T17:00:00+00:00, 2023-10-24T16:00:00+00:00, 2023-10-24T19:00:00+00:00, 2023-10-25T16:00:00+00:00, 2023-10-30T16:00:00+00:00, 2023-11-08T21:00:00+00:00, 2023-11-09T21:00:00+00:00, 2023-11-10T18:00:00+00:00, 2023-11-13T16:00:00+00:00]","[1.0, 5.0, 1.0, 1.0, 7.0, 3.0, 5.0, 2.0, 1.0]","[0.3400000000000034, 0.35999999999999943, 0.37999999999999545, 0.29000000000000625, 0.8800000000000097, 0.18500000000000227, 0.09000000000000341, 0.31500000000001194, 0.08500000000000796]","[0.46932155428256395, 0.4975812024879052, 0.5243549054781227, 0.3974235987392165, 1.2163096060815615, 0.24651875541342166, 0.11990407673861365, 0.4209260372820364, 0.11165112307895436]",2023-11-14 07:29:23,1.391610768337239548590203864
SCHO,ALGO_RSI_EMA_ADX_CGPT,7,7,0,0.0753,6.8571,0.1578,0.12547051442911392,1.0,2023-11-13 21:00:00+00:00,3,RSI_EMA_ADX_CGPT_P1.5_L1.5_AVR_1H_STOCK_RESULTS,"[2023-10-02T16:00:00+00:00, 2023-10-03T16:00:00+00:00, 2023-10-17T16:00:00+00:00, 2023-10-19T18:00:00+00:00, 2023-10-25T17:00:00+00:00, 2023-10-31T15:00:00+00:00, 2023-11-10T20:00:00+00:00]","[2023-10-02T21:00:00+00:00, 2023-10-04T16:00:00+00:00, 2023-10-19T17:00:00+00:00, 2023-10-19T19:00:00+00:00, 2023-10-26T16:00:00+00:00, 2023-11-01T19:00:00+00:00, 2023-11-13T21:00:00+00:00]","[5.0, 6.0, 13.0, 1.0, 5.0, 10.0, 8.0]","[0.259999999999998, 0.06499999999999773, 0.028000000000005798, 0.01099999999999568, 0.060000000000002274, 0.0799999999999983, 0.022999999999996135]","[0.5453020134228146, 0.1363684044896627, 0.05866700190668971, 0.023037131667669856, 0.12547051442911392, 0.16757436112274465, 0.04807993812320198]",2023-11-14 08:00:03,0.8698339357555769803749210142
AVTA,ALGO_RSI_EMA_ADX_CGPT,8,8,0,0.0319,3.2500,0.1244,0.07822431044704273,1.0,2023-10-26 16:00:00+00:00,22,RSI_EMA_ADX_CGPT_P1.5_L1.5_AVR_1H_STOCK_RESULTS,"[2023-10-09T15:00:00+00:00, 2023-10-09T20:00:00+00:00, 2023-10-12T16:00:00+00:00, 2023-10-16T16:00:00+00:00, 2023-10-23T15:00:00+00:00, 2023-10-24T15:00:00+00:00, 2023-10-24T17:00:00+00:00, 2023-10-26T15:00:00+00:00]","[2023-10-09T18:00:00+00:00, 2023-10-10T16:00:00+00:00, 2023-10-13T16:00:00+00:00, 2023-10-17T16:00:00+00:00, 2023-10-23T16:00:00+00:00, 2023-10-24T16:00:00+00:00, 2023-10-25T16:00:00+00:00, 2023-10-26T16:00:00+00:00]","[3.0, 2.0, 6.0, 7.0, 1.0, 1.0, 5.0, 1.0]","[0.029999999999997584, 0.010000000000001563, 0.08999999999999986, 0.06499999999999773, 0.004999999999999005, 0.010000000000001563, 0.00999999999999801, 0.03500000000000014]","[0.11734793663210476, 0.0391006842619807, 0.35142522452167063, 0.2535101404056073, 0.01945525291828407, 0.03891050583658196, 0.03892565200466333, 0.1361602801011482]",2023-11-14 07:24:27,0.9823829973630686719901815095
SNX,ALGO_RSI_EMA_ADX_CGPT,7,7,0,0.6554,2.8571,0.6574,0.7489822536658727,1.0,2023-11-07 22:00:00+00:00,9,RSI_EMA_ADX_CGPT_P1_L.75_AV_1H_STOCK_RESULTS,"[2023-09-18T15:00:00+00:00, 2023-09-21T14:00:00+00:00, 2023-09-21T17:00:00+00:00, 2023-09-21T20:00:00+00:00, 2023-09-21T23:00:00+00:00, 2023-09-22T20:00:00+00:00, 2023-11-07T15:00:00+00:00]","[2023-09-18T17:00:00+00:00, 2023-09-21T16:00:00+00:00, 2023-09-21T18:00:00+00:00, 2023-09-21T22:00:00+00:00, 2023-09-22T14:00:00+00:00, 2023-09-25T14:00:00+00:00, 2023-11-07T22:00:00+00:00]","[2.0, 2.0, 1.0, 1.0, 3.0, 4.0, 7.0]","[0.5630000000000024, 0.7580000000000098, 0.33899999999999864, 0.010000000000005116, 0.9959999999999951, 0.902000000000001, 1.0200000000000102]","[0.5632309246791208, 0.7489822536658727, 0.33388159514640425, 0.009897560251403094, 0.9856994408431838, 0.8871578491831665, 1.0728936573051544]",2023-11-13 20:07:43,1.820971811094771235607605414
PNT,ALGO_RSI_EMA_ADX_CGPT,22,20,2,0.0521,3.4091,0.4103,0.27574630966921654,0.9090909090909091,2023-11-06 19:00:00+00:00,11,RSI_EMA_ADX_CGPT_P1_L.75_AV_1H_STOCK_RESULTS,"[2023-10-16T19:00:00+00:00, 2023-10-16T22:00:00+00:00, 2023-10-17T14:00:00+00:00, 2023-10-23T16:00:00+00:00, 2023-10-23T18:00:00+00:00, 2023-10-24T11:00:00+00:00, 2023-10-24T15:00:00+00:00, 2023-10-25T20:00:00+00:00, 2023-10-25T22:00:00+00:00, 2023-10-26T14:00:00+00:00, 2023-10-26T19:00:00+00:00, 2023-10-27T12:00:00+00:00, 2023-10-27T17:00:00+00:00, 2023-10-27T20:00:00+00:00, 2023-10-30T14:00:00+00:00, 2023-10-31T15:00:00+00:00, 2023-10-31T19:00:00+00:00, 2023-11-01T20:00:00+00:00, 2023-11-02T14:00:00+00:00, 2023-11-03T14:00:00+00:00, 2023-11-03T19:00:00+00:00, 2023-11-06T18:00:00+00:00]","[2023-10-16T21:00:00+00:00, 2023-10-16T23:00:00+00:00, 2023-10-18T12:00:00+00:00, 2023-10-23T17:00:00+00:00, 2023-10-23T20:00:00+00:00, 2023-10-24T14:00:00+00:00, 2023-10-25T16:00:00+00:00, 2023-10-25T21:00:00+00:00, 2023-10-26T13:00:00+00:00, 2023-10-26T16:00:00+00:00, 2023-10-26T22:00:00+00:00, 2023-10-27T14:00:00+00:00, 2023-10-27T19:00:00+00:00, 2023-10-30T13:00:00+00:00, 2023-10-31T14:00:00+00:00, 2023-10-31T16:00:00+00:00, 2023-11-01T19:00:00+00:00, 2023-11-01T21:00:00+00:00, 2023-11-02T15:00:00+00:00, 2023-11-03T15:00:00+00:00, 2023-11-06T17:00:00+00:00, 2023-11-06T19:00:00+00:00]","[2.0, 1.0, 8.0, 1.0, 2.0, 3.0, 12.0, 1.0, 3.0, 2.0, 3.0, 2.0, 2.0, 4.0, 9.0, 1.0, 9.0, 1.0, 1.0, 1.0, 6.0, 1.0]","[-0.02400000000000091, 0.02000000000000135, 0.13500000000000156, 0.08999999999999986, 0.019999999999999574, 0.0600000000000005, 0.09500000000000064, -0.019999999999999574, 0.03999999999999915, 0.07000000000000028, 0.004999999999999005, 0.07000000000000028, 0.049999999999998934, 0.009999999999999787, 0.030000000000001137, 0.0649999999999995, 0.019999999999999574, 0.009999999999999787, 0.02999999999999936, 0.0649999999999995, 0.009999999999999787, 0.29499999999999993]","[-0.19088523025531623, 0.15860428231563323, 1.0735586481113444, 0.7042253521126749, 0.15673981191222236, 0.47430830039526084, 0.7471490365709842, -0.1569858712715822, 0.3147128245475936, 0.551181102362207, 0.039385584875927575, 0.551181102362207, 0.3938558487593457, 0.07880220646177925, 0.23622047244095384, 0.5128205128205088, 0.15785319652722632, 0.07892659826361316, 0.23677979479083947, 0.5106048703849136, 0.0784929356357911, 2.3191823899371062]",2023-11-13 20:01:21,0.7749053122756743486908675631
